"12ge -- Polttonesteiden kuluttajahinnat (sisältää alv:n), 1988M01-2025M03"

"Kuukausi","Polttoneste","Hinta","Hinta, vuosimuutos (%)"
"1988M01","Moottoribensiini 95 E 10, snt/l",56.0,.
"1988M01","Dieselöljy, snt/l",40.0,.
"1988M01","Kevyt polttoöljy, snt/l",16.0,.
"1988M01","Kevyt polttoöljy, eur/MWh",16.1,.
"1988M02","Moottoribensiini 95 E 10, snt/l",56.0,.
"1988M02","Dieselöljy, snt/l",40.0,.
"1988M02","Kevyt polttoöljy, snt/l",16.0,.
"1988M02","Kevyt polttoöljy, eur/MWh",16.1,.
"1988M03","Moottoribensiini 95 E 10, snt/l",56.0,.
"1988M03","Dieselöljy, snt/l",40.0,.
"1988M03","Kevyt polttoöljy, snt/l",15.2,.
"1988M03","Kevyt polttoöljy, eur/MWh",15.3,.
"1988M04","Moottoribensiini 95 E 10, snt/l",56.0,.
"1988M04","Dieselöljy, snt/l",39.7,.
"1988M04","Kevyt polttoöljy, snt/l",15.2,.
"1988M04","Kevyt polttoöljy, eur/MWh",15.3,.
"1988M05","Moottoribensiini 95 E 10, snt/l",56.3,.
"1988M05","Dieselöljy, snt/l",39.9,.
"1988M05","Kevyt polttoöljy, snt/l",15.2,.
"1988M05","Kevyt polttoöljy, eur/MWh",15.3,.
"1988M06","Moottoribensiini 95 E 10, snt/l",56.5,.
"1988M06","Dieselöljy, snt/l",39.9,.
"1988M06","Kevyt polttoöljy, snt/l",15.2,.
"1988M06","Kevyt polttoöljy, eur/MWh",15.3,.
"1988M07","Moottoribensiini 95 E 10, snt/l",56.5,.
"1988M07","Dieselöljy, snt/l",39.9,.
"1988M07","Kevyt polttoöljy, snt/l",15.2,.
"1988M07","Kevyt polttoöljy, eur/MWh",15.3,.
"1988M08","Moottoribensiini 95 E 10, snt/l",56.5,.
"1988M08","Dieselöljy, snt/l",39.9,.
"1988M08","Kevyt polttoöljy, snt/l",15.2,.
"1988M08","Kevyt polttoöljy, eur/MWh",15.3,.
"1988M09","Moottoribensiini 95 E 10, snt/l",56.7,.
"1988M09","Dieselöljy, snt/l",39.9,.
"1988M09","Kevyt polttoöljy, snt/l",15.2,.
"1988M09","Kevyt polttoöljy, eur/MWh",15.3,.
"1988M10","Moottoribensiini 95 E 10, snt/l",56.5,.
"1988M10","Dieselöljy, snt/l",39.9,.
"1988M10","Kevyt polttoöljy, snt/l",15.1,.
"1988M10","Kevyt polttoöljy, eur/MWh",15.2,.
"1988M11","Moottoribensiini 95 E 10, snt/l",56.7,.
"1988M11","Dieselöljy, snt/l",39.9,.
"1988M11","Kevyt polttoöljy, snt/l",14.3,.
"1988M11","Kevyt polttoöljy, eur/MWh",14.4,.
"1988M12","Moottoribensiini 95 E 10, snt/l",56.7,.
"1988M12","Dieselöljy, snt/l",39.9,.
"1988M12","Kevyt polttoöljy, snt/l",14.3,.
"1988M12","Kevyt polttoöljy, eur/MWh",14.4,.
"1989M01","Moottoribensiini 95 E 10, snt/l",56.2,0.3
"1989M01","Dieselöljy, snt/l",41.4,3.3
"1989M01","Kevyt polttoöljy, snt/l",16.7,3.8
"1989M01","Kevyt polttoöljy, eur/MWh",16.7,3.7
"1989M02","Moottoribensiini 95 E 10, snt/l",56.0,0.0
"1989M02","Dieselöljy, snt/l",41.5,3.8
"1989M02","Kevyt polttoöljy, snt/l",16.8,4.9
"1989M02","Kevyt polttoöljy, eur/MWh",16.9,5.0
"1989M03","Moottoribensiini 95 E 10, snt/l",58.5,4.5
"1989M03","Dieselöljy, snt/l",43.9,9.7
"1989M03","Kevyt polttoöljy, snt/l",16.7,9.5
"1989M03","Kevyt polttoöljy, eur/MWh",16.7,9.2
"1989M04","Moottoribensiini 95 E 10, snt/l",61.9,10.5
"1989M04","Dieselöljy, snt/l",44.9,13.2
"1989M04","Kevyt polttoöljy, snt/l",16.8,10.7
"1989M04","Kevyt polttoöljy, eur/MWh",16.9,10.5
"1989M05","Moottoribensiini 95 E 10, snt/l",61.4,9.0
"1989M05","Dieselöljy, snt/l",43.9,10.1
"1989M05","Kevyt polttoöljy, snt/l",17.5,15.1
"1989M05","Kevyt polttoöljy, eur/MWh",17.6,15.0
"1989M06","Moottoribensiini 95 E 10, snt/l",60.6,7.1
"1989M06","Dieselöljy, snt/l",43.2,8.4
"1989M06","Kevyt polttoöljy, snt/l",17.5,15.1
"1989M06","Kevyt polttoöljy, eur/MWh",17.6,15.0
"1989M07","Moottoribensiini 95 E 10, snt/l",60.4,6.8
"1989M07","Dieselöljy, snt/l",43.4,8.9
"1989M07","Kevyt polttoöljy, snt/l",17.7,16.2
"1989M07","Kevyt polttoöljy, eur/MWh",17.7,15.7
"1989M08","Moottoribensiini 95 E 10, snt/l",59.4,5.1
"1989M08","Dieselöljy, snt/l",43.2,8.4
"1989M08","Kevyt polttoöljy, snt/l",17.5,15.1
"1989M08","Kevyt polttoöljy, eur/MWh",17.6,15.0
"1989M09","Moottoribensiini 95 E 10, snt/l",61.4,8.3
"1989M09","Dieselöljy, snt/l",44.7,12.2
"1989M09","Kevyt polttoöljy, snt/l",18.0,18.4
"1989M09","Kevyt polttoöljy, eur/MWh",18.1,18.3
"1989M10","Moottoribensiini 95 E 10, snt/l",60.2,6.5
"1989M10","Dieselöljy, snt/l",45.9,15.2
"1989M10","Kevyt polttoöljy, snt/l",19.0,25.6
"1989M10","Kevyt polttoöljy, eur/MWh",19.1,25.7
"1989M11","Moottoribensiini 95 E 10, snt/l",60.0,5.9
"1989M11","Dieselöljy, snt/l",47.3,18.6
"1989M11","Kevyt polttoöljy, snt/l",20.0,39.9
"1989M11","Kevyt polttoöljy, eur/MWh",20.1,39.6
"1989M12","Moottoribensiini 95 E 10, snt/l",60.4,6.5
"1989M12","Dieselöljy, snt/l",49.1,23.2
"1989M12","Kevyt polttoöljy, snt/l",21.0,47.0
"1989M12","Kevyt polttoöljy, eur/MWh",21.1,46.5
"1990M01","Moottoribensiini 95 E 10, snt/l",68.0,21.0
"1990M01","Dieselöljy, snt/l",52.3,26.4
"1990M01","Kevyt polttoöljy, snt/l",21.5,29.3
"1990M01","Kevyt polttoöljy, eur/MWh",21.6,29.3
"1990M02","Moottoribensiini 95 E 10, snt/l",68.1,21.6
"1990M02","Dieselöljy, snt/l",51.3,23.5
"1990M02","Kevyt polttoöljy, snt/l",20.5,22.0
"1990M02","Kevyt polttoöljy, eur/MWh",20.6,21.9
"1990M03","Moottoribensiini 95 E 10, snt/l",68.0,16.1
"1990M03","Dieselöljy, snt/l",50.1,14.2
"1990M03","Kevyt polttoöljy, snt/l",19.3,16.2
"1990M03","Kevyt polttoöljy, eur/MWh",19.4,16.2
"1990M04","Moottoribensiini 95 E 10, snt/l",66.8,7.9
"1990M04","Dieselöljy, snt/l",47.8,6.4
"1990M04","Kevyt polttoöljy, snt/l",18.7,11.0
"1990M04","Kevyt polttoöljy, eur/MWh",18.8,11.2
"1990M05","Moottoribensiini 95 E 10, snt/l",66.3,7.9
"1990M05","Dieselöljy, snt/l",46.9,6.9
"1990M05","Kevyt polttoöljy, snt/l",18.3,4.8
"1990M05","Kevyt polttoöljy, eur/MWh",18.4,4.5
"1990M06","Moottoribensiini 95 E 10, snt/l",68.1,12.5
"1990M06","Dieselöljy, snt/l",46.8,8.2
"1990M06","Kevyt polttoöljy, snt/l",17.5,0.0
"1990M06","Kevyt polttoöljy, eur/MWh",17.6,0.0
"1990M07","Moottoribensiini 95 E 10, snt/l",68.1,12.8
"1990M07","Dieselöljy, snt/l",46.9,8.1
"1990M07","Kevyt polttoöljy, snt/l",17.7,0.0
"1990M07","Kevyt polttoöljy, eur/MWh",17.7,0.0
"1990M08","Moottoribensiini 95 E 10, snt/l",74.5,25.5
"1990M08","Dieselöljy, snt/l",52.3,21.0
"1990M08","Kevyt polttoöljy, snt/l",23.2,32.7
"1990M08","Kevyt polttoöljy, eur/MWh",23.3,32.4
"1990M09","Moottoribensiini 95 E 10, snt/l",79.6,29.6
"1990M09","Dieselöljy, snt/l",56.7,26.7
"1990M09","Kevyt polttoöljy, snt/l",27.6,53.2
"1990M09","Kevyt polttoöljy, eur/MWh",27.7,53.0
"1990M10","Moottoribensiini 95 E 10, snt/l",74.3,23.5
"1990M10","Dieselöljy, snt/l",57.9,26.0
"1990M10","Kevyt polttoöljy, snt/l",27.3,43.3
"1990M10","Kevyt polttoöljy, eur/MWh",27.4,43.5
"1990M11","Moottoribensiini 95 E 10, snt/l",71.8,19.6
"1990M11","Dieselöljy, snt/l",57.0,20.7
"1990M11","Kevyt polttoöljy, snt/l",27.3,36.2
"1990M11","Kevyt polttoöljy, eur/MWh",27.4,36.3
"1990M12","Moottoribensiini 95 E 10, snt/l",67.4,11.7
"1990M12","Dieselöljy, snt/l",55.5,13.0
"1990M12","Kevyt polttoöljy, snt/l",25.2,20.0
"1990M12","Kevyt polttoöljy, eur/MWh",25.3,19.9
"1991M01","Moottoribensiini 95 E 10, snt/l",74.3,9.4
"1991M01","Dieselöljy, snt/l",56.3,7.7
"1991M01","Kevyt polttoöljy, snt/l",24.9,15.6
"1991M01","Kevyt polttoöljy, eur/MWh",25.0,15.7
"1991M02","Moottoribensiini 95 E 10, snt/l",72.8,6.9
"1991M02","Dieselöljy, snt/l",54.0,5.2
"1991M02","Kevyt polttoöljy, snt/l",22.7,10.7
"1991M02","Kevyt polttoöljy, eur/MWh",22.8,10.7
"1991M03","Moottoribensiini 95 E 10, snt/l",74.8,10.1
"1991M03","Dieselöljy, snt/l",51.0,1.7
"1991M03","Kevyt polttoöljy, snt/l",19.9,2.6
"1991M03","Kevyt polttoöljy, eur/MWh",19.9,2.6
"1991M04","Moottoribensiini 95 E 10, snt/l",74.3,11.3
"1991M04","Dieselöljy, snt/l",49.5,3.5
"1991M04","Kevyt polttoöljy, snt/l",19.9,6.3
"1991M04","Kevyt polttoöljy, eur/MWh",19.9,5.9
"1991M05","Moottoribensiini 95 E 10, snt/l",75.2,13.4
"1991M05","Dieselöljy, snt/l",50.0,6.5
"1991M05","Kevyt polttoöljy, snt/l",20.7,12.9
"1991M05","Kevyt polttoöljy, eur/MWh",20.8,13.0
"1991M06","Moottoribensiini 95 E 10, snt/l",75.4,10.6
"1991M06","Dieselöljy, snt/l",50.1,7.2
"1991M06","Kevyt polttoöljy, snt/l",20.9,19.3
"1991M06","Kevyt polttoöljy, eur/MWh",21.0,19.3
"1991M07","Moottoribensiini 95 E 10, snt/l",74.5,9.4
"1991M07","Dieselöljy, snt/l",51.1,9.0
"1991M07","Kevyt polttoöljy, snt/l",22.0,24.7
"1991M07","Kevyt polttoöljy, eur/MWh",22.1,24.9
"1991M08","Moottoribensiini 95 E 10, snt/l",74.2,-0.5
"1991M08","Dieselöljy, snt/l",51.5,-1.6
"1991M08","Kevyt polttoöljy, snt/l",22.2,-4.4
"1991M08","Kevyt polttoöljy, eur/MWh",22.3,-4.3
"1991M09","Moottoribensiini 95 E 10, snt/l",74.0,-7.0
"1991M09","Dieselöljy, snt/l",51.6,-8.9
"1991M09","Kevyt polttoöljy, snt/l",22.0,-20.1
"1991M09","Kevyt polttoöljy, eur/MWh",22.1,-20.2
"1991M10","Moottoribensiini 95 E 10, snt/l",73.8,-0.7
"1991M10","Dieselöljy, snt/l",54.0,-6.7
"1991M10","Kevyt polttoöljy, snt/l",23.9,-12.4
"1991M10","Kevyt polttoöljy, eur/MWh",24.0,-12.4
"1991M11","Moottoribensiini 95 E 10, snt/l",75.0,4.4
"1991M11","Dieselöljy, snt/l",55.0,-3.5
"1991M11","Kevyt polttoöljy, snt/l",23.4,-14.2
"1991M11","Kevyt polttoöljy, eur/MWh",23.5,-14.2
"1991M12","Moottoribensiini 95 E 10, snt/l",72.0,6.7
"1991M12","Dieselöljy, snt/l",53.0,-4.5
"1991M12","Kevyt polttoöljy, snt/l",21.4,-15.3
"1991M12","Kevyt polttoöljy, eur/MWh",21.5,-15.0
"1992M01","Moottoribensiini 95 E 10, snt/l",76.2,2.5
"1992M01","Dieselöljy, snt/l",52.1,-7.5
"1992M01","Kevyt polttoöljy, snt/l",21.7,-12.8
"1992M01","Kevyt polttoöljy, eur/MWh",21.8,-12.8
"1992M02","Moottoribensiini 95 E 10, snt/l",74.7,2.5
"1992M02","Dieselöljy, snt/l",51.6,-4.4
"1992M02","Kevyt polttoöljy, snt/l",21.7,-4.4
"1992M02","Kevyt polttoöljy, eur/MWh",21.8,-4.4
"1992M03","Moottoribensiini 95 E 10, snt/l",73.3,-2.0
"1992M03","Dieselöljy, snt/l",50.1,-1.6
"1992M03","Kevyt polttoöljy, snt/l",21.0,5.9
"1992M03","Kevyt polttoöljy, eur/MWh",21.1,6.0
"1992M04","Moottoribensiini 95 E 10, snt/l",74.3,0.0
"1992M04","Dieselöljy, snt/l",49.8,0.7
"1992M04","Kevyt polttoöljy, snt/l",21.9,10.1
"1992M04","Kevyt polttoöljy, eur/MWh",22.0,10.6
"1992M05","Moottoribensiini 95 E 10, snt/l",75.9,0.9
"1992M05","Dieselöljy, snt/l",50.3,0.7
"1992M05","Kevyt polttoöljy, snt/l",22.9,10.5
"1992M05","Kevyt polttoöljy, eur/MWh",23.0,10.6
"1992M06","Moottoribensiini 95 E 10, snt/l",79.2,5.1
"1992M06","Dieselöljy, snt/l",49.5,-1.3
"1992M06","Kevyt polttoöljy, snt/l",22.5,8.1
"1992M06","Kevyt polttoöljy, eur/MWh",22.6,7.6
"1992M07","Moottoribensiini 95 E 10, snt/l",77.9,4.5
"1992M07","Dieselöljy, snt/l",48.3,-5.6
"1992M07","Kevyt polttoöljy, snt/l",22.0,0.0
"1992M07","Kevyt polttoöljy, eur/MWh",22.1,0.0
"1992M08","Moottoribensiini 95 E 10, snt/l",76.5,3.2
"1992M08","Dieselöljy, snt/l",47.3,-8.2
"1992M08","Kevyt polttoöljy, snt/l",21.4,-3.8
"1992M08","Kevyt polttoöljy, eur/MWh",21.5,-3.6
"1992M09","Moottoribensiini 95 E 10, snt/l",78.2,5.7
"1992M09","Dieselöljy, snt/l",50.1,-2.9
"1992M09","Kevyt polttoöljy, snt/l",25.1,13.8
"1992M09","Kevyt polttoöljy, eur/MWh",25.2,14.0
"1992M10","Moottoribensiini 95 E 10, snt/l",79.2,7.3
"1992M10","Dieselöljy, snt/l",51.8,-4.1
"1992M10","Kevyt polttoöljy, snt/l",25.6,7.0
"1992M10","Kevyt polttoöljy, eur/MWh",25.7,7.1
"1992M11","Moottoribensiini 95 E 10, snt/l",79.1,5.4
"1992M11","Dieselöljy, snt/l",51.6,-6.1
"1992M11","Kevyt polttoöljy, snt/l",25.4,8.6
"1992M11","Kevyt polttoöljy, eur/MWh",25.5,8.5
"1992M12","Moottoribensiini 95 E 10, snt/l",78.4,8.9
"1992M12","Dieselöljy, snt/l",51.3,-3.2
"1992M12","Kevyt polttoöljy, snt/l",24.9,16.5
"1992M12","Kevyt polttoöljy, eur/MWh",25.0,16.3
"1993M01","Moottoribensiini 95 E 10, snt/l",77.2,1.3
"1993M01","Dieselöljy, snt/l",53.5,2.6
"1993M01","Kevyt polttoöljy, snt/l",26.7,23.2
"1993M01","Kevyt polttoöljy, eur/MWh",26.9,23.4
"1993M02","Moottoribensiini 95 E 10, snt/l",78.9,5.6
"1993M02","Dieselöljy, snt/l",54.3,5.2
"1993M02","Kevyt polttoöljy, snt/l",28.1,29.4
"1993M02","Kevyt polttoöljy, eur/MWh",28.2,29.4
"1993M03","Moottoribensiini 95 E 10, snt/l",80.7,10.1
"1993M03","Dieselöljy, snt/l",54.5,8.7
"1993M03","Kevyt polttoöljy, snt/l",28.9,37.6
"1993M03","Kevyt polttoöljy, eur/MWh",29.1,37.9
"1993M04","Moottoribensiini 95 E 10, snt/l",81.6,9.7
"1993M04","Dieselöljy, snt/l",54.2,8.8
"1993M04","Kevyt polttoöljy, snt/l",27.8,26.9
"1993M04","Kevyt polttoöljy, eur/MWh",27.9,26.8
"1993M05","Moottoribensiini 95 E 10, snt/l",80.4,6.0
"1993M05","Dieselöljy, snt/l",53.3,6.0
"1993M05","Kevyt polttoöljy, snt/l",26.9,17.7
"1993M05","Kevyt polttoöljy, eur/MWh",27.0,17.4
"1993M06","Moottoribensiini 95 E 10, snt/l",78.7,-0.6
"1993M06","Dieselöljy, snt/l",51.8,4.8
"1993M06","Kevyt polttoöljy, snt/l",26.6,17.9
"1993M06","Kevyt polttoöljy, eur/MWh",26.7,18.1
"1993M07","Moottoribensiini 95 E 10, snt/l",77.7,-0.2
"1993M07","Dieselöljy, snt/l",51.8,7.3
"1993M07","Kevyt polttoöljy, snt/l",27.1,22.9
"1993M07","Kevyt polttoöljy, eur/MWh",27.2,23.1
"1993M08","Moottoribensiini 95 E 10, snt/l",76.9,0.4
"1993M08","Dieselöljy, snt/l",51.1,8.2
"1993M08","Kevyt polttoöljy, snt/l",27.3,27.6
"1993M08","Kevyt polttoöljy, eur/MWh",27.4,27.4
"1993M09","Moottoribensiini 95 E 10, snt/l",75.7,-3.2
"1993M09","Dieselöljy, snt/l",50.5,0.7
"1993M09","Kevyt polttoöljy, snt/l",27.4,9.4
"1993M09","Kevyt polttoöljy, eur/MWh",27.5,9.1
"1993M10","Moottoribensiini 95 E 10, snt/l",76.7,-3.2
"1993M10","Dieselöljy, snt/l",52.1,0.7
"1993M10","Kevyt polttoöljy, snt/l",27.9,9.2
"1993M10","Kevyt polttoöljy, eur/MWh",28.0,8.9
"1993M11","Moottoribensiini 95 E 10, snt/l",74.7,-5.5
"1993M11","Dieselöljy, snt/l",52.6,2.0
"1993M11","Kevyt polttoöljy, snt/l",28.4,11.9
"1993M11","Kevyt polttoöljy, eur/MWh",28.6,12.2
"1993M12","Moottoribensiini 95 E 10, snt/l",73.5,-6.2
"1993M12","Dieselöljy, snt/l",52.1,1.6
"1993M12","Kevyt polttoöljy, snt/l",26.4,6.1
"1993M12","Kevyt polttoöljy, eur/MWh",26.5,6.0
"1994M01","Moottoribensiini 95 E 10, snt/l",73.2,-5.2
"1994M01","Dieselöljy, snt/l",52.3,-2.2
"1994M01","Kevyt polttoöljy, snt/l",27.3,1.9
"1994M01","Kevyt polttoöljy, eur/MWh",27.4,1.9
"1994M02","Moottoribensiini 95 E 10, snt/l",72.7,-7.9
"1994M02","Dieselöljy, snt/l",51.6,-5.0
"1994M02","Kevyt polttoöljy, snt/l",26.2,-6.6
"1994M02","Kevyt polttoöljy, eur/MWh",26.4,-6.4
"1994M03","Moottoribensiini 95 E 10, snt/l",74.0,-8.3
"1994M03","Dieselöljy, snt/l",52.1,-4.3
"1994M03","Kevyt polttoöljy, snt/l",25.6,-11.6
"1994M03","Kevyt polttoöljy, eur/MWh",25.7,-11.7
"1994M04","Moottoribensiini 95 E 10, snt/l",75.5,-7.4
"1994M04","Dieselöljy, snt/l",51.8,-4.4
"1994M04","Kevyt polttoöljy, snt/l",25.6,-7.9
"1994M04","Kevyt polttoöljy, eur/MWh",25.7,-7.9
"1994M05","Moottoribensiini 95 E 10, snt/l",74.7,-7.1
"1994M05","Dieselöljy, snt/l",50.8,-4.7
"1994M05","Kevyt polttoöljy, snt/l",25.6,-5.0
"1994M05","Kevyt polttoöljy, eur/MWh",25.7,-4.8
"1994M06","Moottoribensiini 95 E 10, snt/l",75.9,-3.6
"1994M06","Dieselöljy, snt/l",61.1,17.9
"1994M06","Kevyt polttoöljy, snt/l",25.4,-4.4
"1994M06","Kevyt polttoöljy, eur/MWh",25.5,-4.5
"1994M07","Moottoribensiini 95 E 10, snt/l",76.5,-1.5
"1994M07","Dieselöljy, snt/l",60.9,17.5
"1994M07","Kevyt polttoöljy, snt/l",25.7,-5.0
"1994M07","Kevyt polttoöljy, eur/MWh",25.8,-5.1
"1994M08","Moottoribensiini 95 E 10, snt/l",79.1,2.8
"1994M08","Dieselöljy, snt/l",60.9,19.1
"1994M08","Kevyt polttoöljy, snt/l",25.2,-7.4
"1994M08","Kevyt polttoöljy, eur/MWh",25.3,-7.7
"1994M09","Moottoribensiini 95 E 10, snt/l",78.2,3.3
"1994M09","Dieselöljy, snt/l",60.4,19.7
"1994M09","Kevyt polttoöljy, snt/l",24.6,-10.4
"1994M09","Kevyt polttoöljy, eur/MWh",24.7,-10.2
"1994M10","Moottoribensiini 95 E 10, snt/l",77.4,0.9
"1994M10","Dieselöljy, snt/l",60.0,15.2
"1994M10","Kevyt polttoöljy, snt/l",24.2,-13.3
"1994M10","Kevyt polttoöljy, eur/MWh",24.3,-13.2
"1994M11","Moottoribensiini 95 E 10, snt/l",77.9,4.3
"1994M11","Dieselöljy, snt/l",60.2,14.4
"1994M11","Kevyt polttoöljy, snt/l",23.2,-18.3
"1994M11","Kevyt polttoöljy, eur/MWh",23.3,-18.5
"1994M12","Moottoribensiini 95 E 10, snt/l",76.0,3.4
"1994M12","Dieselöljy, snt/l",59.9,14.8
"1994M12","Kevyt polttoöljy, snt/l",23.0,-12.8
"1994M12","Kevyt polttoöljy, eur/MWh",23.1,-12.8
"1995M01","Moottoribensiini 95 E 10, snt/l",84.1,14.9
"1995M01","Dieselöljy, snt/l",62.9,20.2
"1995M01","Kevyt polttoöljy, snt/l",24.7,-9.3
"1995M01","Kevyt polttoöljy, eur/MWh",24.8,-9.5
"1995M02","Moottoribensiini 95 E 10, snt/l",83.6,15.0
"1995M02","Dieselöljy, snt/l",62.1,20.2
"1995M02","Kevyt polttoöljy, snt/l",25.1,-4.5
"1995M02","Kevyt polttoöljy, eur/MWh",25.2,-4.5
"1995M03","Moottoribensiini 95 E 10, snt/l",83.3,12.5
"1995M03","Dieselöljy, snt/l",61.2,17.4
"1995M03","Kevyt polttoöljy, snt/l",24.4,-4.6
"1995M03","Kevyt polttoöljy, eur/MWh",24.5,-4.7
"1995M04","Moottoribensiini 95 E 10, snt/l",81.4,7.8
"1995M04","Dieselöljy, snt/l",59.5,14.9
"1995M04","Kevyt polttoöljy, snt/l",24.1,-5.9
"1995M04","Kevyt polttoöljy, eur/MWh",24.2,-5.8
"1995M05","Moottoribensiini 95 E 10, snt/l",82.2,10.1
"1995M05","Dieselöljy, snt/l",58.4,14.9
"1995M05","Kevyt polttoöljy, snt/l",23.6,-7.9
"1995M05","Kevyt polttoöljy, eur/MWh",23.7,-7.8
"1995M06","Moottoribensiini 95 E 10, snt/l",81.1,6.9
"1995M06","Dieselöljy, snt/l",58.2,-4.7
"1995M06","Kevyt polttoöljy, snt/l",24.1,-5.3
"1995M06","Kevyt polttoöljy, eur/MWh",24.2,-5.1
"1995M07","Moottoribensiini 95 E 10, snt/l",81.6,6.6
"1995M07","Dieselöljy, snt/l",58.0,-4.7
"1995M07","Kevyt polttoöljy, snt/l",22.9,-11.1
"1995M07","Kevyt polttoöljy, eur/MWh",23.0,-10.9
"1995M08","Moottoribensiini 95 E 10, snt/l",81.4,3.0
"1995M08","Dieselöljy, snt/l",57.4,-5.8
"1995M08","Kevyt polttoöljy, snt/l",22.5,-10.7
"1995M08","Kevyt polttoöljy, eur/MWh",22.6,-10.7
"1995M09","Moottoribensiini 95 E 10, snt/l",79.7,1.9
"1995M09","Dieselöljy, snt/l",58.2,-3.6
"1995M09","Kevyt polttoöljy, snt/l",23.7,-3.5
"1995M09","Kevyt polttoöljy, eur/MWh",23.8,-3.6
"1995M10","Moottoribensiini 95 E 10, snt/l",80.2,3.7
"1995M10","Dieselöljy, snt/l",57.7,-3.9
"1995M10","Kevyt polttoöljy, snt/l",22.7,-6.2
"1995M10","Kevyt polttoöljy, eur/MWh",22.8,-6.2
"1995M11","Moottoribensiini 95 E 10, snt/l",80.4,3.2
"1995M11","Dieselöljy, snt/l",58.7,-2.5
"1995M11","Kevyt polttoöljy, snt/l",22.4,-3.6
"1995M11","Kevyt polttoöljy, eur/MWh",22.5,-3.4
"1995M12","Moottoribensiini 95 E 10, snt/l",80.2,5.5
"1995M12","Dieselöljy, snt/l",60.0,0.3
"1995M12","Kevyt polttoöljy, snt/l",24.1,4.4
"1995M12","Kevyt polttoöljy, eur/MWh",24.2,4.8
"1996M01","Moottoribensiini 95 E 10, snt/l",90.0,7.0
"1996M01","Dieselöljy, snt/l",60.6,-3.7
"1996M01","Kevyt polttoöljy, snt/l",25.2,2.1
"1996M01","Kevyt polttoöljy, eur/MWh",25.3,2.0
"1996M02","Moottoribensiini 95 E 10, snt/l",89.3,6.8
"1996M02","Dieselöljy, snt/l",61.6,-0.8
"1996M02","Kevyt polttoöljy, snt/l",26.6,6.0
"1996M02","Kevyt polttoöljy, eur/MWh",26.7,6.0
"1996M03","Moottoribensiini 95 E 10, snt/l",88.8,6.7
"1996M03","Dieselöljy, snt/l",62.2,1.6
"1996M03","Kevyt polttoöljy, snt/l",25.9,6.2
"1996M03","Kevyt polttoöljy, eur/MWh",26.0,6.1
"1996M04","Moottoribensiini 95 E 10, snt/l",93.2,14.5
"1996M04","Dieselöljy, snt/l",63.1,5.9
"1996M04","Kevyt polttoöljy, snt/l",26.6,10.5
"1996M04","Kevyt polttoöljy, eur/MWh",26.7,10.3
"1996M05","Moottoribensiini 95 E 10, snt/l",93.0,13.1
"1996M05","Dieselöljy, snt/l",62.7,7.5
"1996M05","Kevyt polttoöljy, snt/l",26.2,11.4
"1996M05","Kevyt polttoöljy, eur/MWh",26.4,11.4
"1996M06","Moottoribensiini 95 E 10, snt/l",92.5,14.1
"1996M06","Dieselöljy, snt/l",62.4,7.2
"1996M06","Kevyt polttoöljy, snt/l",25.4,5.6
"1996M06","Kevyt polttoöljy, eur/MWh",25.5,5.4
"1996M07","Moottoribensiini 95 E 10, snt/l",93.7,14.8
"1996M07","Dieselöljy, snt/l",62.9,8.4
"1996M07","Kevyt polttoöljy, snt/l",25.9,13.2
"1996M07","Kevyt polttoöljy, eur/MWh",26.0,13.0
"1996M08","Moottoribensiini 95 E 10, snt/l",92.3,13.4
"1996M08","Dieselöljy, snt/l",62.2,8.5
"1996M08","Kevyt polttoöljy, snt/l",25.4,12.7
"1996M08","Kevyt polttoöljy, eur/MWh",25.5,12.8
"1996M09","Moottoribensiini 95 E 10, snt/l",90.0,12.9
"1996M09","Dieselöljy, snt/l",63.1,8.4
"1996M09","Kevyt polttoöljy, snt/l",27.9,17.8
"1996M09","Kevyt polttoöljy, eur/MWh",28.0,17.6
"1996M10","Moottoribensiini 95 E 10, snt/l",92.7,15.5
"1996M10","Dieselöljy, snt/l",65.8,14.0
"1996M10","Kevyt polttoöljy, snt/l",30.8,35.5
"1996M10","Kevyt polttoöljy, eur/MWh",30.9,35.5
"1996M11","Moottoribensiini 95 E 10, snt/l",93.9,16.7
"1996M11","Dieselöljy, snt/l",65.6,11.7
"1996M11","Kevyt polttoöljy, snt/l",28.8,28.6
"1996M11","Kevyt polttoöljy, eur/MWh",28.9,28.4
"1996M12","Moottoribensiini 95 E 10, snt/l",94.5,17.8
"1996M12","Dieselöljy, snt/l",66.6,10.9
"1996M12","Kevyt polttoöljy, snt/l",29.6,23.1
"1996M12","Kevyt polttoöljy, eur/MWh",29.7,22.7
"1997M01","Moottoribensiini 95 E 10, snt/l",93.2,3.6
"1997M01","Dieselöljy, snt/l",65.8,8.6
"1997M01","Kevyt polttoöljy, snt/l",33.5,32.7
"1997M01","Kevyt polttoöljy, eur/MWh",33.6,32.8
"1997M02","Moottoribensiini 95 E 10, snt/l",90.2,0.9
"1997M02","Dieselöljy, snt/l",64.8,5.2
"1997M02","Kevyt polttoöljy, snt/l",30.8,15.8
"1997M02","Kevyt polttoöljy, eur/MWh",30.9,15.7
"1997M03","Moottoribensiini 95 E 10, snt/l",92.0,3.6
"1997M03","Dieselöljy, snt/l",64.3,3.2
"1997M03","Kevyt polttoöljy, snt/l",29.4,13.6
"1997M03","Kevyt polttoöljy, eur/MWh",29.6,13.8
"1997M04","Moottoribensiini 95 E 10, snt/l",91.2,-2.2
"1997M04","Dieselöljy, snt/l",63.4,0.5
"1997M04","Kevyt polttoöljy, snt/l",29.1,9.5
"1997M04","Kevyt polttoöljy, eur/MWh",29.2,9.4
"1997M05","Moottoribensiini 95 E 10, snt/l",92.3,-0.7
"1997M05","Dieselöljy, snt/l",62.2,-0.8
"1997M05","Kevyt polttoöljy, snt/l",29.3,11.5
"1997M05","Kevyt polttoöljy, eur/MWh",29.4,11.4
"1997M06","Moottoribensiini 95 E 10, snt/l",92.0,-0.5
"1997M06","Dieselöljy, snt/l",62.1,-0.5
"1997M06","Kevyt polttoöljy, snt/l",28.3,11.3
"1997M06","Kevyt polttoöljy, eur/MWh",28.4,11.4
"1997M07","Moottoribensiini 95 E 10, snt/l",93.2,-0.5
"1997M07","Dieselöljy, snt/l",62.2,-1.1
"1997M07","Kevyt polttoöljy, snt/l",28.6,10.4
"1997M07","Kevyt polttoöljy, eur/MWh",28.7,10.4
"1997M08","Moottoribensiini 95 E 10, snt/l",96.2,4.2
"1997M08","Dieselöljy, snt/l",64.6,3.8
"1997M08","Kevyt polttoöljy, snt/l",29.9,17.9
"1997M08","Kevyt polttoöljy, eur/MWh",30.1,18.0
"1997M09","Moottoribensiini 95 E 10, snt/l",92.7,3.0
"1997M09","Dieselöljy, snt/l",64.1,1.6
"1997M09","Kevyt polttoöljy, snt/l",28.9,3.6
"1997M09","Kevyt polttoöljy, eur/MWh",29.1,3.9
"1997M10","Moottoribensiini 95 E 10, snt/l",94.0,1.5
"1997M10","Dieselöljy, snt/l",64.1,-2.6
"1997M10","Kevyt polttoöljy, snt/l",30.3,-1.7
"1997M10","Kevyt polttoöljy, eur/MWh",30.4,-1.6
"1997M11","Moottoribensiini 95 E 10, snt/l",92.0,-2.0
"1997M11","Dieselöljy, snt/l",64.6,-1.5
"1997M11","Kevyt polttoöljy, snt/l",29.3,1.7
"1997M11","Kevyt polttoöljy, eur/MWh",29.4,1.7
"1997M12","Moottoribensiini 95 E 10, snt/l",92.8,-1.8
"1997M12","Dieselöljy, snt/l",64.9,-2.5
"1997M12","Kevyt polttoöljy, snt/l",28.3,-4.5
"1997M12","Kevyt polttoöljy, eur/MWh",28.4,-4.4
"1998M01","Moottoribensiini 95 E 10, snt/l",96.4,3.4
"1998M01","Dieselöljy, snt/l",66.9,1.8
"1998M01","Kevyt polttoöljy, snt/l",27.9,-16.6
"1998M01","Kevyt polttoöljy, eur/MWh",28.0,-16.7
"1998M02","Moottoribensiini 95 E 10, snt/l",95.5,6.0
"1998M02","Dieselöljy, snt/l",65.1,0.5
"1998M02","Kevyt polttoöljy, snt/l",27.6,-10.4
"1998M02","Kevyt polttoöljy, eur/MWh",27.7,-10.4
"1998M03","Moottoribensiini 95 E 10, snt/l",95.0,3.3
"1998M03","Dieselöljy, snt/l",65.9,2.6
"1998M03","Kevyt polttoöljy, snt/l",26.9,-8.6
"1998M03","Kevyt polttoöljy, eur/MWh",27.0,-8.8
"1998M04","Moottoribensiini 95 E 10, snt/l",94.9,4.1
"1998M04","Dieselöljy, snt/l",64.9,2.4
"1998M04","Kevyt polttoöljy, snt/l",27.4,-5.8
"1998M04","Kevyt polttoöljy, eur/MWh",27.5,-5.8
"1998M05","Moottoribensiini 95 E 10, snt/l",93.2,0.9
"1998M05","Dieselöljy, snt/l",63.1,1.3
"1998M05","Kevyt polttoöljy, snt/l",26.4,-9.7
"1998M05","Kevyt polttoöljy, eur/MWh",26.5,-9.9
"1998M06","Moottoribensiini 95 E 10, snt/l",95.2,3.5
"1998M06","Dieselöljy, snt/l",63.1,1.6
"1998M06","Kevyt polttoöljy, snt/l",25.2,-10.7
"1998M06","Kevyt polttoöljy, eur/MWh",25.3,-10.9
"1998M07","Moottoribensiini 95 E 10, snt/l",95.0,2.0
"1998M07","Dieselöljy, snt/l",62.9,1.1
"1998M07","Kevyt polttoöljy, snt/l",24.7,-13.5
"1998M07","Kevyt polttoöljy, eur/MWh",24.8,-13.6
"1998M08","Moottoribensiini 95 E 10, snt/l",94.5,-1.7
"1998M08","Dieselöljy, snt/l",62.9,-2.6
"1998M08","Kevyt polttoöljy, snt/l",24.2,-19.1
"1998M08","Kevyt polttoöljy, eur/MWh",24.3,-19.3
"1998M09","Moottoribensiini 95 E 10, snt/l",94.9,2.4
"1998M09","Dieselöljy, snt/l",62.9,-1.8
"1998M09","Kevyt polttoöljy, snt/l",25.9,-10.5
"1998M09","Kevyt polttoöljy, eur/MWh",26.0,-10.7
"1998M10","Moottoribensiini 95 E 10, snt/l",90.5,-3.8
"1998M10","Dieselöljy, snt/l",62.4,-2.6
"1998M10","Kevyt polttoöljy, snt/l",25.4,-16.1
"1998M10","Kevyt polttoöljy, eur/MWh",25.5,-16.1
"1998M11","Moottoribensiini 95 E 10, snt/l",88.0,-4.4
"1998M11","Dieselöljy, snt/l",63.1,-2.3
"1998M11","Kevyt polttoöljy, snt/l",24.6,-16.1
"1998M11","Kevyt polttoöljy, eur/MWh",24.7,-16.0
"1998M12","Moottoribensiini 95 E 10, snt/l",86.8,-6.5
"1998M12","Dieselöljy, snt/l",62.9,-3.1
"1998M12","Kevyt polttoöljy, snt/l",22.9,-19.1
"1998M12","Kevyt polttoöljy, eur/MWh",23.0,-19.0
"1999M01","Moottoribensiini 95 E 10, snt/l",86.5,-10.3
"1999M01","Dieselöljy, snt/l",62.6,-6.5
"1999M01","Kevyt polttoöljy, snt/l",24.6,-12.0
"1999M01","Kevyt polttoöljy, eur/MWh",24.7,-11.8
"1999M02","Moottoribensiini 95 E 10, snt/l",91.2,-4.6
"1999M02","Dieselöljy, snt/l",63.4,-2.6
"1999M02","Kevyt polttoöljy, snt/l",24.1,-12.8
"1999M02","Kevyt polttoöljy, eur/MWh",24.2,-12.6
"1999M03","Moottoribensiini 95 E 10, snt/l",92.2,-3.0
"1999M03","Dieselöljy, snt/l",63.1,-4.3
"1999M03","Kevyt polttoöljy, snt/l",25.9,-3.8
"1999M03","Kevyt polttoöljy, eur/MWh",26.0,-3.7
"1999M04","Moottoribensiini 95 E 10, snt/l",99.1,4.4
"1999M04","Dieselöljy, snt/l",65.3,0.5
"1999M04","Kevyt polttoöljy, snt/l",27.4,0.0
"1999M04","Kevyt polttoöljy, eur/MWh",27.5,0.0
"1999M05","Moottoribensiini 95 E 10, snt/l",98.1,5.2
"1999M05","Dieselöljy, snt/l",65.9,4.5
"1999M05","Kevyt polttoöljy, snt/l",27.3,3.2
"1999M05","Kevyt polttoöljy, eur/MWh",27.4,3.4
"1999M06","Moottoribensiini 95 E 10, snt/l",99.6,4.6
"1999M06","Dieselöljy, snt/l",65.3,3.5
"1999M06","Kevyt polttoöljy, snt/l",26.6,5.3
"1999M06","Kevyt polttoöljy, eur/MWh",26.7,5.5
"1999M07","Moottoribensiini 95 E 10, snt/l",100.1,5.3
"1999M07","Dieselöljy, snt/l",68.5,8.8
"1999M07","Kevyt polttoöljy, snt/l",29.9,21.1
"1999M07","Kevyt polttoöljy, eur/MWh",30.1,21.4
"1999M08","Moottoribensiini 95 E 10, snt/l",105.8,11.9
"1999M08","Dieselöljy, snt/l",71.1,13.1
"1999M08","Kevyt polttoöljy, snt/l",30.1,24.3
"1999M08","Kevyt polttoöljy, eur/MWh",30.2,24.3
"1999M09","Moottoribensiini 95 E 10, snt/l",105.0,10.6
"1999M09","Dieselöljy, snt/l",70.8,12.6
"1999M09","Kevyt polttoöljy, snt/l",32.1,24.0
"1999M09","Kevyt polttoöljy, eur/MWh",32.3,24.2
"1999M10","Moottoribensiini 95 E 10, snt/l",103.3,14.1
"1999M10","Dieselöljy, snt/l",70.1,12.4
"1999M10","Kevyt polttoöljy, snt/l",31.5,23.8
"1999M10","Kevyt polttoöljy, eur/MWh",31.6,23.9
"1999M11","Moottoribensiini 95 E 10, snt/l",104.6,18.9
"1999M11","Dieselöljy, snt/l",73.2,16.0
"1999M11","Kevyt polttoöljy, snt/l",33.6,37.0
"1999M11","Kevyt polttoöljy, eur/MWh",33.8,36.8
"1999M12","Moottoribensiini 95 E 10, snt/l",108.3,24.8
"1999M12","Dieselöljy, snt/l",78.9,25.4
"1999M12","Kevyt polttoöljy, snt/l",35.8,56.6
"1999M12","Kevyt polttoöljy, eur/MWh",36.0,56.5
"2000M01","Moottoribensiini 95 E 10, snt/l",107.1,23.9
"2000M01","Dieselöljy, snt/l",81.7,30.6
"2000M01","Kevyt polttoöljy, snt/l",35.7,45.2
"2000M01","Kevyt polttoöljy, eur/MWh",35.8,44.9
"2000M02","Moottoribensiini 95 E 10, snt/l",107.3,17.7
"2000M02","Dieselöljy, snt/l",81.1,27.8
"2000M02","Kevyt polttoöljy, snt/l",37.5,55.9
"2000M02","Kevyt polttoöljy, eur/MWh",37.7,55.8
"2000M03","Moottoribensiini 95 E 10, snt/l",114.0,23.7
"2000M03","Dieselöljy, snt/l",83.1,31.7
"2000M03","Kevyt polttoöljy, snt/l",38.7,49.4
"2000M03","Kevyt polttoöljy, eur/MWh",38.9,49.6
"2000M04","Moottoribensiini 95 E 10, snt/l",109.8,10.9
"2000M04","Dieselöljy, snt/l",80.7,23.7
"2000M04","Kevyt polttoöljy, snt/l",36.2,31.9
"2000M04","Kevyt polttoöljy, eur/MWh",36.3,32.0
"2000M05","Moottoribensiini 95 E 10, snt/l",114.4,16.6
"2000M05","Dieselöljy, snt/l",80.9,22.7
"2000M05","Kevyt polttoöljy, snt/l",40.5,48.7
"2000M05","Kevyt polttoöljy, eur/MWh",40.7,48.5
"2000M06","Moottoribensiini 95 E 10, snt/l",123.6,24.2
"2000M06","Dieselöljy, snt/l",82.7,26.8
"2000M06","Kevyt polttoöljy, snt/l",39.4,48.1
"2000M06","Kevyt polttoöljy, eur/MWh",39.5,47.9
"2000M07","Moottoribensiini 95 E 10, snt/l",118.4,18.3
"2000M07","Dieselöljy, snt/l",81.4,18.9
"2000M07","Kevyt polttoöljy, snt/l",41.0,37.1
"2000M07","Kevyt polttoöljy, eur/MWh",41.2,36.9
"2000M08","Moottoribensiini 95 E 10, snt/l",115.7,9.4
"2000M08","Dieselöljy, snt/l",82.7,16.3
"2000M08","Kevyt polttoöljy, snt/l",44.4,47.5
"2000M08","Kevyt polttoöljy, eur/MWh",44.6,47.7
"2000M09","Moottoribensiini 95 E 10, snt/l",117.4,11.9
"2000M09","Dieselöljy, snt/l",91.7,29.4
"2000M09","Kevyt polttoöljy, snt/l",54.2,68.6
"2000M09","Kevyt polttoöljy, eur/MWh",54.4,68.4
"2000M10","Moottoribensiini 95 E 10, snt/l",115.0,11.4
"2000M10","Dieselöljy, snt/l",91.8,30.9
"2000M10","Kevyt polttoöljy, snt/l",53.1,69.0
"2000M10","Kevyt polttoöljy, eur/MWh",53.4,69.0
"2000M11","Moottoribensiini 95 E 10, snt/l",113.9,8.8
"2000M11","Dieselöljy, snt/l",92.7,26.7
"2000M11","Kevyt polttoöljy, snt/l",51.6,53.5
"2000M11","Kevyt polttoöljy, eur/MWh",51.9,53.6
"2000M12","Moottoribensiini 95 E 10, snt/l",104.9,-3.1
"2000M12","Dieselöljy, snt/l",89.8,13.9
"2000M12","Kevyt polttoöljy, snt/l",47.3,31.9
"2000M12","Kevyt polttoöljy, eur/MWh",47.5,31.9
"2001M01","Moottoribensiini 95 E 10, snt/l",107.8,0.6
"2001M01","Dieselöljy, snt/l",83.4,2.1
"2001M01","Kevyt polttoöljy, snt/l",40.2,12.7
"2001M01","Kevyt polttoöljy, eur/MWh",40.4,12.8
"2001M02","Moottoribensiini 95 E 10, snt/l",111.3,3.8
"2001M02","Dieselöljy, snt/l",82.7,2.1
"2001M02","Kevyt polttoöljy, snt/l",42.7,13.9
"2001M02","Kevyt polttoöljy, eur/MWh",42.9,13.8
"2001M03","Moottoribensiini 95 E 10, snt/l",111.2,-2.5
"2001M03","Dieselöljy, snt/l",82.2,-1.0
"2001M03","Kevyt polttoöljy, snt/l",40.4,4.3
"2001M03","Kevyt polttoöljy, eur/MWh",40.6,4.4
"2001M04","Moottoribensiini 95 E 10, snt/l",112.3,2.3
"2001M04","Dieselöljy, snt/l",82.1,1.7
"2001M04","Kevyt polttoöljy, snt/l",40.4,11.6
"2001M04","Kevyt polttoöljy, eur/MWh",40.6,11.8
"2001M05","Moottoribensiini 95 E 10, snt/l",125.5,9.7
"2001M05","Dieselöljy, snt/l",83.1,2.7
"2001M05","Kevyt polttoöljy, snt/l",41.5,2.5
"2001M05","Kevyt polttoöljy, eur/MWh",41.7,2.5
"2001M06","Moottoribensiini 95 E 10, snt/l",117.6,-4.9
"2001M06","Dieselöljy, snt/l",82.4,-0.4
"2001M06","Kevyt polttoöljy, snt/l",44.1,12.0
"2001M06","Kevyt polttoöljy, eur/MWh",44.3,12.2
"2001M07","Moottoribensiini 95 E 10, snt/l",112.0,-5.4
"2001M07","Dieselöljy, snt/l",82.7,1.7
"2001M07","Kevyt polttoöljy, snt/l",41.4,0.8
"2001M07","Kevyt polttoöljy, eur/MWh",41.6,1.0
"2001M08","Moottoribensiini 95 E 10, snt/l",111.3,-3.8
"2001M08","Dieselöljy, snt/l",82.2,-0.6
"2001M08","Kevyt polttoöljy, snt/l",40.7,-8.3
"2001M08","Kevyt polttoöljy, eur/MWh",40.9,-8.3
"2001M09","Moottoribensiini 95 E 10, snt/l",112.5,-4.2
"2001M09","Dieselöljy, snt/l",82.4,-10.1
"2001M09","Kevyt polttoöljy, snt/l",42.9,-20.8
"2001M09","Kevyt polttoöljy, eur/MWh",43.1,-20.8
"2001M10","Moottoribensiini 95 E 10, snt/l",106.1,-7.7
"2001M10","Dieselöljy, snt/l",81.4,-11.4
"2001M10","Kevyt polttoöljy, snt/l",38.0,-28.5
"2001M10","Kevyt polttoöljy, eur/MWh",38.2,-28.5
"2001M11","Moottoribensiini 95 E 10, snt/l",104.4,-8.3
"2001M11","Dieselöljy, snt/l",79.9,-13.8
"2001M11","Kevyt polttoöljy, snt/l",36.3,-29.6
"2001M11","Kevyt polttoöljy, eur/MWh",36.5,-29.7
"2001M12","Moottoribensiini 95 E 10, snt/l",98.4,-6.3
"2001M12","Dieselöljy, snt/l",77.7,-13.5
"2001M12","Kevyt polttoöljy, snt/l",32.3,-31.7
"2001M12","Kevyt polttoöljy, eur/MWh",32.4,-31.8
"2002M01","Moottoribensiini 95 E 10, snt/l",101.3,-6.0
"2002M01","Dieselöljy, snt/l",79.1,-5.2
"2002M01","Kevyt polttoöljy, snt/l",33.7,-16.1
"2002M01","Kevyt polttoöljy, eur/MWh",33.9,-16.1
"2002M02","Moottoribensiini 95 E 10, snt/l",100.4,-9.8
"2002M02","Dieselöljy, snt/l",77.9,-5.9
"2002M02","Kevyt polttoöljy, snt/l",34.0,-20.4
"2002M02","Kevyt polttoöljy, eur/MWh",34.2,-20.3
"2002M03","Moottoribensiini 95 E 10, snt/l",103.3,-7.1
"2002M03","Dieselöljy, snt/l",77.9,-5.2
"2002M03","Kevyt polttoöljy, snt/l",37.3,-7.6
"2002M03","Kevyt polttoöljy, eur/MWh",37.5,-7.6
"2002M04","Moottoribensiini 95 E 10, snt/l",113.5,1.1
"2002M04","Dieselöljy, snt/l",78.9,-3.8
"2002M04","Kevyt polttoöljy, snt/l",37.1,-8.0
"2002M04","Kevyt polttoöljy, eur/MWh",37.3,-8.1
"2002M05","Moottoribensiini 95 E 10, snt/l",112.4,-10.4
"2002M05","Dieselöljy, snt/l",78.4,-5.6
"2002M05","Kevyt polttoöljy, snt/l",37.4,-9.9
"2002M05","Kevyt polttoöljy, eur/MWh",37.6,-9.8
"2002M06","Moottoribensiini 95 E 10, snt/l",107.4,-8.7
"2002M06","Dieselöljy, snt/l",77.3,-6.2
"2002M06","Kevyt polttoöljy, snt/l",34.8,-21.1
"2002M06","Kevyt polttoöljy, eur/MWh",34.9,-21.2
"2002M07","Moottoribensiini 95 E 10, snt/l",111.2,-0.7
"2002M07","Dieselöljy, snt/l",77.1,-6.9
"2002M07","Kevyt polttoöljy, snt/l",35.6,-13.9
"2002M07","Kevyt polttoöljy, eur/MWh",35.8,-13.9
"2002M08","Moottoribensiini 95 E 10, snt/l",109.1,-2.0
"2002M08","Dieselöljy, snt/l",77.1,-6.2
"2002M08","Kevyt polttoöljy, snt/l",36.5,-10.2
"2002M08","Kevyt polttoöljy, eur/MWh",36.7,-10.3
"2002M09","Moottoribensiini 95 E 10, snt/l",111.2,-1.1
"2002M09","Dieselöljy, snt/l",79.6,-3.4
"2002M09","Kevyt polttoöljy, snt/l",39.2,-8.5
"2002M09","Kevyt polttoöljy, eur/MWh",39.4,-8.6
"2002M10","Moottoribensiini 95 E 10, snt/l",111.3,4.9
"2002M10","Dieselöljy, snt/l",79.4,-2.4
"2002M10","Kevyt polttoöljy, snt/l",39.8,4.7
"2002M10","Kevyt polttoöljy, eur/MWh",40.0,4.7
"2002M11","Moottoribensiini 95 E 10, snt/l",105.5,1.0
"2002M11","Dieselöljy, snt/l",78.6,-1.7
"2002M11","Kevyt polttoöljy, snt/l",35.4,-2.6
"2002M11","Kevyt polttoöljy, eur/MWh",35.5,-2.7
"2002M12","Moottoribensiini 95 E 10, snt/l",103.6,5.3
"2002M12","Dieselöljy, snt/l",79.2,2.0
"2002M12","Kevyt polttoöljy, snt/l",38.8,20.1
"2002M12","Kevyt polttoöljy, eur/MWh",39.0,20.4
"2003M01","Moottoribensiini 95 E 10, snt/l",113.7,12.2
"2003M01","Dieselöljy, snt/l",84.2,6.5
"2003M01","Kevyt polttoöljy, snt/l",40.3,19.6
"2003M01","Kevyt polttoöljy, eur/MWh",40.5,19.5
"2003M02","Moottoribensiini 95 E 10, snt/l",115.1,14.7
"2003M02","Dieselöljy, snt/l",87.1,11.9
"2003M02","Kevyt polttoöljy, snt/l",45.9,34.9
"2003M02","Kevyt polttoöljy, eur/MWh",46.1,34.8
"2003M03","Moottoribensiini 95 E 10, snt/l",114.0,10.3
"2003M03","Dieselöljy, snt/l",95.0,21.9
"2003M03","Kevyt polttoöljy, snt/l",49.1,31.5
"2003M03","Kevyt polttoöljy, eur/MWh",49.3,31.5
"2003M04","Moottoribensiini 95 E 10, snt/l",113.1,-0.4
"2003M04","Dieselöljy, snt/l",84.5,7.0
"2003M04","Kevyt polttoöljy, snt/l",36.7,-1.2
"2003M04","Kevyt polttoöljy, eur/MWh",36.9,-1.1
"2003M05","Moottoribensiini 95 E 10, snt/l",107.6,-4.2
"2003M05","Dieselöljy, snt/l",76.6,-2.3
"2003M05","Kevyt polttoöljy, snt/l",34.8,-7.1
"2003M05","Kevyt polttoöljy, eur/MWh",34.9,-7.2
"2003M06","Moottoribensiini 95 E 10, snt/l",110.4,2.8
"2003M06","Dieselöljy, snt/l",75.5,-2.4
"2003M06","Kevyt polttoöljy, snt/l",36.1,3.9
"2003M06","Kevyt polttoöljy, eur/MWh",36.3,4.0
"2003M07","Moottoribensiini 95 E 10, snt/l",113.4,2.0
"2003M07","Dieselöljy, snt/l",78.7,2.1
"2003M07","Kevyt polttoöljy, snt/l",37.7,5.9
"2003M07","Kevyt polttoöljy, eur/MWh",37.9,5.9
"2003M08","Moottoribensiini 95 E 10, snt/l",109.9,0.8
"2003M08","Dieselöljy, snt/l",77.7,0.8
"2003M08","Kevyt polttoöljy, snt/l",38.3,4.7
"2003M08","Kevyt polttoöljy, eur/MWh",38.4,4.6
"2003M09","Moottoribensiini 95 E 10, snt/l",109.2,-1.8
"2003M09","Dieselöljy, snt/l",78.0,-2.0
"2003M09","Kevyt polttoöljy, snt/l",36.1,-8.1
"2003M09","Kevyt polttoöljy, eur/MWh",36.2,-8.1
"2003M10","Moottoribensiini 95 E 10, snt/l",102.5,-7.9
"2003M10","Dieselöljy, snt/l",76.3,-4.0
"2003M10","Kevyt polttoöljy, snt/l",39.0,-2.1
"2003M10","Kevyt polttoöljy, eur/MWh",39.1,-2.3
"2003M11","Moottoribensiini 95 E 10, snt/l",100.9,-4.4
"2003M11","Dieselöljy, snt/l",78.6,0.0
"2003M11","Kevyt polttoöljy, snt/l",38.7,9.3
"2003M11","Kevyt polttoöljy, eur/MWh",38.8,9.3
"2003M12","Moottoribensiini 95 E 10, snt/l",103.8,0.1
"2003M12","Dieselöljy, snt/l",77.6,-2.1
"2003M12","Kevyt polttoöljy, snt/l",37.0,-4.7
"2003M12","Kevyt polttoöljy, eur/MWh",37.1,-4.9
"2004M01","Moottoribensiini 95 E 10, snt/l",106.9,-6.0
"2004M01","Dieselöljy, snt/l",78.9,-6.3
"2004M01","Kevyt polttoöljy, snt/l",38.9,-3.6
"2004M01","Kevyt polttoöljy, eur/MWh",39.1,-3.5
"2004M02","Moottoribensiini 95 E 10, snt/l",107.6,-6.6
"2004M02","Dieselöljy, snt/l",77.2,-11.4
"2004M02","Kevyt polttoöljy, snt/l",35.6,-22.5
"2004M02","Kevyt polttoöljy, eur/MWh",35.7,-22.6
"2004M03","Moottoribensiini 95 E 10, snt/l",110.6,-3.0
"2004M03","Dieselöljy, snt/l",79.9,-15.8
"2004M03","Kevyt polttoöljy, snt/l",39.5,-19.4
"2004M03","Kevyt polttoöljy, eur/MWh",39.7,-19.5
"2004M04","Moottoribensiini 95 E 10, snt/l",114.2,0.9
"2004M04","Dieselöljy, snt/l",81.3,-3.8
"2004M04","Kevyt polttoöljy, snt/l",41.4,12.8
"2004M04","Kevyt polttoöljy, eur/MWh",41.6,12.7
"2004M05","Moottoribensiini 95 E 10, snt/l",118.3,9.9
"2004M05","Dieselöljy, snt/l",84.9,10.9
"2004M05","Kevyt polttoöljy, snt/l",43.0,23.8
"2004M05","Kevyt polttoöljy, eur/MWh",43.2,23.8
"2004M06","Moottoribensiini 95 E 10, snt/l",113.6,2.9
"2004M06","Dieselöljy, snt/l",79.8,5.7
"2004M06","Kevyt polttoöljy, snt/l",42.7,18.2
"2004M06","Kevyt polttoöljy, eur/MWh",42.9,18.2
"2004M07","Moottoribensiini 95 E 10, snt/l",117.8,3.8
"2004M07","Dieselöljy, snt/l",83.1,5.6
"2004M07","Kevyt polttoöljy, snt/l",44.9,19.1
"2004M07","Kevyt polttoöljy, eur/MWh",45.1,19.0
"2004M08","Moottoribensiini 95 E 10, snt/l",116.7,6.2
"2004M08","Dieselöljy, snt/l",85.9,10.5
"2004M08","Kevyt polttoöljy, snt/l",48.0,25.3
"2004M08","Kevyt polttoöljy, eur/MWh",48.2,25.5
"2004M09","Moottoribensiini 95 E 10, snt/l",116.5,6.7
"2004M09","Dieselöljy, snt/l",88.0,12.8
"2004M09","Kevyt polttoöljy, snt/l",48.3,34.1
"2004M09","Kevyt polttoöljy, eur/MWh",48.6,34.3
"2004M10","Moottoribensiini 95 E 10, snt/l",120.0,17.1
"2004M10","Dieselöljy, snt/l",94.9,24.5
"2004M10","Kevyt polttoöljy, snt/l",55.9,43.5
"2004M10","Kevyt polttoöljy, eur/MWh",56.1,43.5
"2004M11","Moottoribensiini 95 E 10, snt/l",115.2,14.2
"2004M11","Dieselöljy, snt/l",92.6,17.8
"2004M11","Kevyt polttoöljy, snt/l",49.3,27.6
"2004M11","Kevyt polttoöljy, eur/MWh",49.6,27.8
"2004M12","Moottoribensiini 95 E 10, snt/l",111.2,7.2
"2004M12","Dieselöljy, snt/l",91.1,17.4
"2004M12","Kevyt polttoöljy, snt/l",44.9,21.6
"2004M12","Kevyt polttoöljy, eur/MWh",45.1,21.6
"2005M01","Moottoribensiini 95 E 10, snt/l",108.0,1.1
"2005M01","Dieselöljy, snt/l",87.8,11.2
"2005M01","Kevyt polttoöljy, snt/l",47.7,22.8
"2005M01","Kevyt polttoöljy, eur/MWh",48.0,22.8
"2005M02","Moottoribensiini 95 E 10, snt/l",112.0,4.1
"2005M02","Dieselöljy, snt/l",88.2,14.3
"2005M02","Kevyt polttoöljy, snt/l",48.1,35.2
"2005M02","Kevyt polttoöljy, eur/MWh",48.3,35.3
"2005M03","Moottoribensiini 95 E 10, snt/l",112.7,1.9
"2005M03","Dieselöljy, snt/l",93.4,16.8
"2005M03","Kevyt polttoöljy, snt/l",54.3,37.5
"2005M03","Kevyt polttoöljy, eur/MWh",54.6,37.5
"2005M04","Moottoribensiini 95 E 10, snt/l",120.6,5.6
"2005M04","Dieselöljy, snt/l",97.2,19.6
"2005M04","Kevyt polttoöljy, snt/l",53.8,30.0
"2005M04","Kevyt polttoöljy, eur/MWh",54.1,30.0
"2005M05","Moottoribensiini 95 E 10, snt/l",116.5,-1.5
"2005M05","Dieselöljy, snt/l",93.1,9.6
"2005M05","Kevyt polttoöljy, snt/l",52.3,21.5
"2005M05","Kevyt polttoöljy, eur/MWh",52.5,21.5
"2005M06","Moottoribensiini 95 E 10, snt/l",120.6,6.2
"2005M06","Dieselöljy, snt/l",97.0,21.6
"2005M06","Kevyt polttoöljy, snt/l",60.7,42.2
"2005M06","Kevyt polttoöljy, eur/MWh",61.0,42.2
"2005M07","Moottoribensiini 95 E 10, snt/l",126.8,7.7
"2005M07","Dieselöljy, snt/l",98.4,18.3
"2005M07","Kevyt polttoöljy, snt/l",61.4,36.7
"2005M07","Kevyt polttoöljy, eur/MWh",61.7,36.8
"2005M08","Moottoribensiini 95 E 10, snt/l",128.6,10.1
"2005M08","Dieselöljy, snt/l",98.8,15.0
"2005M08","Kevyt polttoöljy, snt/l",63.2,31.8
"2005M08","Kevyt polttoöljy, eur/MWh",63.5,31.7
"2005M09","Moottoribensiini 95 E 10, snt/l",135.1,15.9
"2005M09","Dieselöljy, snt/l",104.4,18.7
"2005M09","Kevyt polttoöljy, snt/l",66.0,36.5
"2005M09","Kevyt polttoöljy, eur/MWh",66.3,36.4
"2005M10","Moottoribensiini 95 E 10, snt/l",130.3,8.5
"2005M10","Dieselöljy, snt/l",103.7,9.3
"2005M10","Kevyt polttoöljy, snt/l",68.4,22.4
"2005M10","Kevyt polttoöljy, eur/MWh",68.7,22.5
"2005M11","Moottoribensiini 95 E 10, snt/l",119.3,3.6
"2005M11","Dieselöljy, snt/l",99.7,7.7
"2005M11","Kevyt polttoöljy, snt/l",62.1,25.8
"2005M11","Kevyt polttoöljy, eur/MWh",62.3,25.6
"2005M12","Moottoribensiini 95 E 10, snt/l",123.0,10.6
"2005M12","Dieselöljy, snt/l",100.9,10.8
"2005M12","Kevyt polttoöljy, snt/l",60.7,35.1
"2005M12","Kevyt polttoöljy, eur/MWh",61.0,35.3
"2006M01","Moottoribensiini 95 E 10, snt/l",122.8,13.7
"2006M01","Dieselöljy, snt/l",99.6,13.4
"2006M01","Kevyt polttoöljy, snt/l",61.9,29.7
"2006M01","Kevyt polttoöljy, eur/MWh",62.2,29.6
"2006M02","Moottoribensiini 95 E 10, snt/l",126.8,13.3
"2006M02","Dieselöljy, snt/l",101.9,15.5
"2006M02","Kevyt polttoöljy, snt/l",62.7,30.3
"2006M02","Kevyt polttoöljy, eur/MWh",63.0,30.4
"2006M03","Moottoribensiini 95 E 10, snt/l",124.4,10.3
"2006M03","Dieselöljy, snt/l",101.8,9.0
"2006M03","Kevyt polttoöljy, snt/l",63.7,17.3
"2006M03","Kevyt polttoöljy, eur/MWh",64.0,17.2
"2006M04","Moottoribensiini 95 E 10, snt/l",132.3,9.7
"2006M04","Dieselöljy, snt/l",102.6,5.6
"2006M04","Kevyt polttoöljy, snt/l",67.5,25.3
"2006M04","Kevyt polttoöljy, eur/MWh",67.8,25.3
"2006M05","Moottoribensiini 95 E 10, snt/l",136.4,17.1
"2006M05","Dieselöljy, snt/l",105.1,12.9
"2006M05","Kevyt polttoöljy, snt/l",69.3,32.6
"2006M05","Kevyt polttoöljy, eur/MWh",69.6,32.6
"2006M06","Moottoribensiini 95 E 10, snt/l",133.3,10.6
"2006M06","Dieselöljy, snt/l",103.1,6.2
"2006M06","Kevyt polttoöljy, snt/l",67.8,11.7
"2006M06","Kevyt polttoöljy, eur/MWh",68.1,11.6
"2006M07","Moottoribensiini 95 E 10, snt/l",138.5,9.2
"2006M07","Dieselöljy, snt/l",104.4,6.1
"2006M07","Kevyt polttoöljy, snt/l",68.4,11.3
"2006M07","Kevyt polttoöljy, eur/MWh",68.7,11.3
"2006M08","Moottoribensiini 95 E 10, snt/l",137.5,7.0
"2006M08","Dieselöljy, snt/l",105.8,7.1
"2006M08","Kevyt polttoöljy, snt/l",71.2,12.6
"2006M08","Kevyt polttoöljy, eur/MWh",71.5,12.6
"2006M09","Moottoribensiini 95 E 10, snt/l",126.3,-6.5
"2006M09","Dieselöljy, snt/l",101.6,-2.7
"2006M09","Kevyt polttoöljy, snt/l",62.3,-5.6
"2006M09","Kevyt polttoöljy, eur/MWh",62.6,-5.6
"2006M10","Moottoribensiini 95 E 10, snt/l",122.9,-5.7
"2006M10","Dieselöljy, snt/l",99.3,-4.3
"2006M10","Kevyt polttoöljy, snt/l",60.1,-12.2
"2006M10","Kevyt polttoöljy, eur/MWh",60.4,-12.1
"2006M11","Moottoribensiini 95 E 10, snt/l",122.8,2.9
"2006M11","Dieselöljy, snt/l",101.6,1.9
"2006M11","Kevyt polttoöljy, snt/l",58.6,-5.6
"2006M11","Kevyt polttoöljy, eur/MWh",58.9,-5.5
"2006M12","Moottoribensiini 95 E 10, snt/l",121.4,-1.3
"2006M12","Dieselöljy, snt/l",100.1,-0.8
"2006M12","Kevyt polttoöljy, snt/l",58.3,-3.9
"2006M12","Kevyt polttoöljy, eur/MWh",58.6,-3.9
"2007M01","Moottoribensiini 95 E 10, snt/l",116.3,-5.3
"2007M01","Dieselöljy, snt/l",95.8,-3.8
"2007M01","Kevyt polttoöljy, snt/l",54.5,-12.0
"2007M01","Kevyt polttoöljy, eur/MWh",54.8,-11.9
"2007M02","Moottoribensiini 95 E 10, snt/l",120.5,-5.0
"2007M02","Dieselöljy, snt/l",97.7,-4.1
"2007M02","Kevyt polttoöljy, snt/l",56.8,-9.3
"2007M02","Kevyt polttoöljy, eur/MWh",57.1,-9.4
"2007M03","Moottoribensiini 95 E 10, snt/l",126.4,1.6
"2007M03","Dieselöljy, snt/l",98.8,-3.0
"2007M03","Kevyt polttoöljy, snt/l",58.1,-8.9
"2007M03","Kevyt polttoöljy, eur/MWh",58.4,-8.8
"2007M04","Moottoribensiini 95 E 10, snt/l",128.4,-2.9
"2007M04","Dieselöljy, snt/l",98.7,-3.8
"2007M04","Kevyt polttoöljy, snt/l",61.2,-9.3
"2007M04","Kevyt polttoöljy, eur/MWh",61.4,-9.4
"2007M05","Moottoribensiini 95 E 10, snt/l",135.6,-0.6
"2007M05","Dieselöljy, snt/l",97.7,-7.0
"2007M05","Kevyt polttoöljy, snt/l",60.5,-12.7
"2007M05","Kevyt polttoöljy, eur/MWh",60.8,-12.6
"2007M06","Moottoribensiini 95 E 10, snt/l",135.4,1.5
"2007M06","Dieselöljy, snt/l",99.6,-3.4
"2007M06","Kevyt polttoöljy, snt/l",62.5,-7.8
"2007M06","Kevyt polttoöljy, eur/MWh",62.8,-7.8
"2007M07","Moottoribensiini 95 E 10, snt/l",135.9,-1.9
"2007M07","Dieselöljy, snt/l",101.1,-3.2
"2007M07","Kevyt polttoöljy, snt/l",65.4,-4.4
"2007M07","Kevyt polttoöljy, eur/MWh",65.7,-4.4
"2007M08","Moottoribensiini 95 E 10, snt/l",132.4,-3.7
"2007M08","Dieselöljy, snt/l",100.7,-4.8
"2007M08","Kevyt polttoöljy, snt/l",63.4,-10.9
"2007M08","Kevyt polttoöljy, eur/MWh",63.7,-10.9
"2007M09","Moottoribensiini 95 E 10, snt/l",131.4,4.0
"2007M09","Dieselöljy, snt/l",101.7,0.1
"2007M09","Kevyt polttoöljy, snt/l",67.1,7.8
"2007M09","Kevyt polttoöljy, eur/MWh",67.4,7.7
"2007M10","Moottoribensiini 95 E 10, snt/l",128.0,4.1
"2007M10","Dieselöljy, snt/l",102.1,2.8
"2007M10","Kevyt polttoöljy, snt/l",67.1,11.6
"2007M10","Kevyt polttoöljy, eur/MWh",67.4,11.6
"2007M11","Moottoribensiini 95 E 10, snt/l",134.8,9.8
"2007M11","Dieselöljy, snt/l",115.0,13.2
"2007M11","Kevyt polttoöljy, snt/l",73.9,26.1
"2007M11","Kevyt polttoöljy, eur/MWh",74.2,26.0
"2007M12","Moottoribensiini 95 E 10, snt/l",132.5,9.1
"2007M12","Dieselöljy, snt/l",113.1,12.9
"2007M12","Kevyt polttoöljy, snt/l",72.2,23.8
"2007M12","Kevyt polttoöljy, eur/MWh",72.5,23.7
"2008M01","Moottoribensiini 95 E 10, snt/l",142.0,22.1
"2008M01","Dieselöljy, snt/l",121.8,27.2
"2008M01","Kevyt polttoöljy, snt/l",76.8,41.0
"2008M01","Kevyt polttoöljy, eur/MWh",77.2,40.9
"2008M02","Moottoribensiini 95 E 10, snt/l",140.8,16.9
"2008M02","Dieselöljy, snt/l",120.1,22.9
"2008M02","Kevyt polttoöljy, snt/l",78.7,38.6
"2008M02","Kevyt polttoöljy, eur/MWh",79.1,38.5
"2008M03","Moottoribensiini 95 E 10, snt/l",141.9,12.3
"2008M03","Dieselöljy, snt/l",125.7,27.2
"2008M03","Kevyt polttoöljy, snt/l",84.4,45.4
"2008M03","Kevyt polttoöljy, eur/MWh",84.8,45.2
"2008M04","Moottoribensiini 95 E 10, snt/l",141.7,10.4
"2008M04","Dieselöljy, snt/l",125.6,27.2
"2008M04","Kevyt polttoöljy, snt/l",86.1,40.9
"2008M04","Kevyt polttoöljy, eur/MWh",86.5,40.9
"2008M05","Moottoribensiini 95 E 10, snt/l",149.0,9.9
"2008M05","Dieselöljy, snt/l",135.1,38.3
"2008M05","Kevyt polttoöljy, snt/l",98.9,63.4
"2008M05","Kevyt polttoöljy, eur/MWh",99.3,63.3
"2008M06","Moottoribensiini 95 E 10, snt/l",157.4,16.3
"2008M06","Dieselöljy, snt/l",143.9,44.4
"2008M06","Kevyt polttoöljy, snt/l",102.5,63.9
"2008M06","Kevyt polttoöljy, eur/MWh",103.0,64.0
"2008M07","Moottoribensiini 95 E 10, snt/l",157.5,15.9
"2008M07","Dieselöljy, snt/l",144.2,42.7
"2008M07","Kevyt polttoöljy, snt/l",102.3,56.5
"2008M07","Kevyt polttoöljy, eur/MWh",102.8,56.5
"2008M08","Moottoribensiini 95 E 10, snt/l",150.4,13.6
"2008M08","Dieselöljy, snt/l",136.4,35.5
"2008M08","Kevyt polttoöljy, snt/l",88.7,39.9
"2008M08","Kevyt polttoöljy, eur/MWh",89.1,39.9
"2008M09","Moottoribensiini 95 E 10, snt/l",149.9,14.1
"2008M09","Dieselöljy, snt/l",133.1,30.9
"2008M09","Kevyt polttoöljy, snt/l",88.7,32.1
"2008M09","Kevyt polttoöljy, eur/MWh",89.1,32.2
"2008M10","Moottoribensiini 95 E 10, snt/l",139.7,9.2
"2008M10","Dieselöljy, snt/l",120.9,18.5
"2008M10","Kevyt polttoöljy, snt/l",77.6,15.7
"2008M10","Kevyt polttoöljy, eur/MWh",78.0,15.7
"2008M11","Moottoribensiini 95 E 10, snt/l",122.8,-8.9
"2008M11","Dieselöljy, snt/l",109.1,-5.1
"2008M11","Kevyt polttoöljy, snt/l",67.3,-9.0
"2008M11","Kevyt polttoöljy, eur/MWh",67.6,-8.9
"2008M12","Moottoribensiini 95 E 10, snt/l",114.4,-13.6
"2008M12","Dieselöljy, snt/l",101.1,-10.6
"2008M12","Kevyt polttoöljy, snt/l",55.1,-23.7
"2008M12","Kevyt polttoöljy, eur/MWh",54.9,-24.3
"2009M01","Moottoribensiini 95 E 10, snt/l",114.7,-19.2
"2009M01","Dieselöljy, snt/l",98.2,-19.4
"2009M01","Kevyt polttoöljy, snt/l",57.4,-25.3
"2009M01","Kevyt polttoöljy, eur/MWh",57.3,-25.8
"2009M02","Moottoribensiini 95 E 10, snt/l",118.3,-16.0
"2009M02","Dieselöljy, snt/l",97.0,-19.3
"2009M02","Kevyt polttoöljy, snt/l",55.6,-29.4
"2009M02","Kevyt polttoöljy, eur/MWh",55.5,-29.9
"2009M03","Moottoribensiini 95 E 10, snt/l",119.6,-15.7
"2009M03","Dieselöljy, snt/l",93.1,-25.9
"2009M03","Kevyt polttoöljy, snt/l",52.2,-38.2
"2009M03","Kevyt polttoöljy, eur/MWh",52.1,-38.6
"2009M04","Moottoribensiini 95 E 10, snt/l",122.9,-13.3
"2009M04","Dieselöljy, snt/l",94.9,-24.4
"2009M04","Kevyt polttoöljy, snt/l",56.4,-34.6
"2009M04","Kevyt polttoöljy, eur/MWh",56.2,-35.0
"2009M05","Moottoribensiini 95 E 10, snt/l",130.1,-12.7
"2009M05","Dieselöljy, snt/l",98.0,-27.5
"2009M05","Kevyt polttoöljy, snt/l",57.5,-41.8
"2009M05","Kevyt polttoöljy, eur/MWh",57.4,-42.2
"2009M06","Moottoribensiini 95 E 10, snt/l",137.4,-12.7
"2009M06","Dieselöljy, snt/l",101.5,-29.4
"2009M06","Kevyt polttoöljy, snt/l",62.9,-38.7
"2009M06","Kevyt polttoöljy, eur/MWh",62.7,-39.1
"2009M07","Moottoribensiini 95 E 10, snt/l",134.3,-14.7
"2009M07","Dieselöljy, snt/l",99.6,-31.0
"2009M07","Kevyt polttoöljy, snt/l",57.3,-44.0
"2009M07","Kevyt polttoöljy, eur/MWh",57.2,-44.4
"2009M08","Moottoribensiini 95 E 10, snt/l",135.9,-9.7
"2009M08","Dieselöljy, snt/l",102.1,-25.1
"2009M08","Kevyt polttoöljy, snt/l",64.9,-26.8
"2009M08","Kevyt polttoöljy, eur/MWh",64.8,-27.3
"2009M09","Moottoribensiini 95 E 10, snt/l",131.9,-12.0
"2009M09","Dieselöljy, snt/l",99.8,-25.1
"2009M09","Kevyt polttoöljy, snt/l",61.3,-30.9
"2009M09","Kevyt polttoöljy, eur/MWh",61.1,-31.4
"2009M10","Moottoribensiini 95 E 10, snt/l",129.8,-7.1
"2009M10","Dieselöljy, snt/l",99.2,-18.0
"2009M10","Kevyt polttoöljy, snt/l",63.4,-18.3
"2009M10","Kevyt polttoöljy, eur/MWh",63.2,-18.9
"2009M11","Moottoribensiini 95 E 10, snt/l",133.7,8.9
"2009M11","Dieselöljy, snt/l",103.7,-4.9
"2009M11","Kevyt polttoöljy, snt/l",65.2,-3.1
"2009M11","Kevyt polttoöljy, eur/MWh",65.0,-3.8
"2009M12","Moottoribensiini 95 E 10, snt/l",132.2,15.6
"2009M12","Dieselöljy, snt/l",102.8,1.6
"2009M12","Kevyt polttoöljy, snt/l",63.0,14.5
"2009M12","Kevyt polttoöljy, eur/MWh",62.9,14.6
"2010M01","Moottoribensiini 95 E 10, snt/l",136.9,19.4
"2010M01","Dieselöljy, snt/l",108.0,10.0
"2010M01","Kevyt polttoöljy, snt/l",68.6,19.6
"2010M01","Kevyt polttoöljy, eur/MWh",68.5,19.6
"2010M02","Moottoribensiini 95 E 10, snt/l",134.9,14.1
"2010M02","Dieselöljy, snt/l",106.0,9.3
"2010M02","Kevyt polttoöljy, snt/l",67.7,21.7
"2010M02","Kevyt polttoöljy, eur/MWh",67.5,21.7
"2010M03","Moottoribensiini 95 E 10, snt/l",142.3,18.9
"2010M03","Dieselöljy, snt/l",111.6,19.9
"2010M03","Kevyt polttoöljy, snt/l",73.9,41.6
"2010M03","Kevyt polttoöljy, eur/MWh",73.8,41.6
"2010M04","Moottoribensiini 95 E 10, snt/l",144.8,17.8
"2010M04","Dieselöljy, snt/l",114.4,20.6
"2010M04","Kevyt polttoöljy, snt/l",77.3,37.1
"2010M04","Kevyt polttoöljy, eur/MWh",77.1,37.1
"2010M05","Moottoribensiini 95 E 10, snt/l",145.9,12.1
"2010M05","Dieselöljy, snt/l",115.9,18.3
"2010M05","Kevyt polttoöljy, snt/l",79.7,38.6
"2010M05","Kevyt polttoöljy, eur/MWh",79.6,38.6
"2010M06","Moottoribensiini 95 E 10, snt/l",144.8,5.4
"2010M06","Dieselöljy, snt/l",116.2,14.5
"2010M06","Kevyt polttoöljy, snt/l",80.0,27.3
"2010M06","Kevyt polttoöljy, eur/MWh",79.8,27.3
"2010M07","Moottoribensiini 95 E 10, snt/l",144.7,7.7
"2010M07","Dieselöljy, snt/l",115.2,15.7
"2010M07","Kevyt polttoöljy, snt/l",77.8,35.8
"2010M07","Kevyt polttoöljy, eur/MWh",77.7,35.8
"2010M08","Moottoribensiini 95 E 10, snt/l",143.1,5.3
"2010M08","Dieselöljy, snt/l",114.4,12.1
"2010M08","Kevyt polttoöljy, snt/l",76.7,18.1
"2010M08","Kevyt polttoöljy, eur/MWh",76.5,18.1
"2010M09","Moottoribensiini 95 E 10, snt/l",143.6,8.9
"2010M09","Dieselöljy, snt/l",115.5,15.8
"2010M09","Kevyt polttoöljy, snt/l",78.9,28.7
"2010M09","Kevyt polttoöljy, eur/MWh",78.7,28.7
"2010M10","Moottoribensiini 95 E 10, snt/l",141.6,9.1
"2010M10","Dieselöljy, snt/l",114.0,15.0
"2010M10","Kevyt polttoöljy, snt/l",78.1,23.3
"2010M10","Kevyt polttoöljy, eur/MWh",77.9,23.3
"2010M11","Moottoribensiini 95 E 10, snt/l",143.1,7.1
"2010M11","Dieselöljy, snt/l",117.4,13.2
"2010M11","Kevyt polttoöljy, snt/l",81.2,24.5
"2010M11","Kevyt polttoöljy, eur/MWh",81.0,24.5
"2010M12","Moottoribensiini 95 E 10, snt/l",149.3,12.9
"2010M12","Dieselöljy, snt/l",126.8,23.4
"2010M12","Kevyt polttoöljy, snt/l",92.5,46.7
"2010M12","Kevyt polttoöljy, eur/MWh",92.3,46.7
"2011M01","Moottoribensiini 95 E 10, snt/l",150.9,10.2
"2011M01","Dieselöljy, snt/l",131.0,21.3
"2011M01","Kevyt polttoöljy, snt/l",104.8,52.7
"2011M01","Kevyt polttoöljy, eur/MWh",104.5,52.7
"2011M02","Moottoribensiini 95 E 10, snt/l",150.6,11.6
"2011M02","Dieselöljy, snt/l",131.9,24.4
"2011M02","Kevyt polttoöljy, snt/l",102.4,51.3
"2011M02","Kevyt polttoöljy, eur/MWh",102.1,51.3
"2011M03","Moottoribensiini 95 E 10, snt/l",156.2,9.8
"2011M03","Dieselöljy, snt/l",138.1,23.7
"2011M03","Kevyt polttoöljy, snt/l",109.3,47.9
"2011M03","Kevyt polttoöljy, eur/MWh",109.1,47.9
"2011M04","Moottoribensiini 95 E 10, snt/l",157.0,8.4
"2011M04","Dieselöljy, snt/l",137.4,20.1
"2011M04","Kevyt polttoöljy, snt/l",110.1,42.5
"2011M04","Kevyt polttoöljy, eur/MWh",109.9,42.5
"2011M05","Moottoribensiini 95 E 10, snt/l",159.5,9.4
"2011M05","Dieselöljy, snt/l",137.8,18.9
"2011M05","Kevyt polttoöljy, snt/l",103.6,29.9
"2011M05","Kevyt polttoöljy, eur/MWh",103.3,29.9
"2011M06","Moottoribensiini 95 E 10, snt/l",158.4,9.4
"2011M06","Dieselöljy, snt/l",137.7,18.5
"2011M06","Kevyt polttoöljy, snt/l",106.8,33.4
"2011M06","Kevyt polttoöljy, eur/MWh",106.5,33.4
"2011M07","Moottoribensiini 95 E 10, snt/l",158.4,9.5
"2011M07","Dieselöljy, snt/l",137.5,19.4
"2011M07","Kevyt polttoöljy, snt/l",108.0,38.7
"2011M07","Kevyt polttoöljy, eur/MWh",107.7,38.7
"2011M08","Moottoribensiini 95 E 10, snt/l",157.4,10.0
"2011M08","Dieselöljy, snt/l",136.6,19.4
"2011M08","Kevyt polttoöljy, snt/l",101.4,32.2
"2011M08","Kevyt polttoöljy, eur/MWh",101.1,32.2
"2011M09","Moottoribensiini 95 E 10, snt/l",158.4,10.3
"2011M09","Dieselöljy, snt/l",137.3,18.9
"2011M09","Kevyt polttoöljy, snt/l",107.0,35.7
"2011M09","Kevyt polttoöljy, eur/MWh",106.8,35.7
"2011M10","Moottoribensiini 95 E 10, snt/l",157.2,11.0
"2011M10","Dieselöljy, snt/l",136.7,19.8
"2011M10","Kevyt polttoöljy, snt/l",107.2,37.3
"2011M10","Kevyt polttoöljy, eur/MWh",107.0,37.3
"2011M11","Moottoribensiini 95 E 10, snt/l",156.4,9.3
"2011M11","Dieselöljy, snt/l",140.0,19.2
"2011M11","Kevyt polttoöljy, snt/l",113.0,39.3
"2011M11","Kevyt polttoöljy, eur/MWh",112.8,39.3
"2011M12","Moottoribensiini 95 E 10, snt/l",153.1,2.5
"2011M12","Dieselöljy, snt/l",139.8,10.2
"2011M12","Kevyt polttoöljy, snt/l",109.3,18.2
"2011M12","Kevyt polttoöljy, eur/MWh",109.1,18.2
"2012M01","Moottoribensiini 95 E 10, snt/l",160.6,6.4
"2012M01","Dieselöljy, snt/l",155.7,18.9
"2012M01","Kevyt polttoöljy, snt/l",114.2,9.0
"2012M01","Kevyt polttoöljy, eur/MWh",113.9,9.0
"2012M02","Moottoribensiini 95 E 10, snt/l",163.4,8.5
"2012M02","Dieselöljy, snt/l",157.0,19.0
"2012M02","Kevyt polttoöljy, snt/l",112.9,10.3
"2012M02","Kevyt polttoöljy, eur/MWh",112.6,10.3
"2012M03","Moottoribensiini 95 E 10, snt/l",167.3,7.1
"2012M03","Dieselöljy, snt/l",158.0,14.4
"2012M03","Kevyt polttoöljy, snt/l",117.2,7.2
"2012M03","Kevyt polttoöljy, eur/MWh",116.9,7.2
"2012M04","Moottoribensiini 95 E 10, snt/l",171.7,9.4
"2012M04","Dieselöljy, snt/l",155.7,13.3
"2012M04","Kevyt polttoöljy, snt/l",114.5,4.0
"2012M04","Kevyt polttoöljy, eur/MWh",114.2,4.0
"2012M05","Moottoribensiini 95 E 10, snt/l",166.5,4.4
"2012M05","Dieselöljy, snt/l",153.5,11.4
"2012M05","Kevyt polttoöljy, snt/l",110.9,7.1
"2012M05","Kevyt polttoöljy, eur/MWh",110.6,7.1
"2012M06","Moottoribensiini 95 E 10, snt/l",162.8,2.8
"2012M06","Dieselöljy, snt/l",149.5,8.6
"2012M06","Kevyt polttoöljy, snt/l",105.2,-1.5
"2012M06","Kevyt polttoöljy, eur/MWh",105.0,-1.5
"2012M07","Moottoribensiini 95 E 10, snt/l",165.4,4.4
"2012M07","Dieselöljy, snt/l",150.3,9.3
"2012M07","Kevyt polttoöljy, snt/l",110.6,2.4
"2012M07","Kevyt polttoöljy, eur/MWh",110.4,2.4
"2012M08","Moottoribensiini 95 E 10, snt/l",169.7,7.8
"2012M08","Dieselöljy, snt/l",153.7,12.5
"2012M08","Kevyt polttoöljy, snt/l",117.9,16.3
"2012M08","Kevyt polttoöljy, eur/MWh",117.6,16.3
"2012M09","Moottoribensiini 95 E 10, snt/l",173.7,9.6
"2012M09","Dieselöljy, snt/l",156.8,14.2
"2012M09","Kevyt polttoöljy, snt/l",117.2,9.5
"2012M09","Kevyt polttoöljy, eur/MWh",116.9,9.5
"2012M10","Moottoribensiini 95 E 10, snt/l",170.2,8.3
"2012M10","Dieselöljy, snt/l",156.9,14.8
"2012M10","Kevyt polttoöljy, snt/l",117.7,9.8
"2012M10","Kevyt polttoöljy, eur/MWh",117.4,9.8
"2012M11","Moottoribensiini 95 E 10, snt/l",162.8,4.1
"2012M11","Dieselöljy, snt/l",154.0,10.0
"2012M11","Kevyt polttoöljy, snt/l",112.4,-0.6
"2012M11","Kevyt polttoöljy, eur/MWh",112.1,-0.6
"2012M12","Moottoribensiini 95 E 10, snt/l",159.5,4.2
"2012M12","Dieselöljy, snt/l",152.2,8.9
"2012M12","Kevyt polttoöljy, snt/l",109.0,-0.3
"2012M12","Kevyt polttoöljy, eur/MWh",108.8,-0.3
"2013M01","Moottoribensiini 95 E 10, snt/l",161.2,0.4
"2013M01","Dieselöljy, snt/l",153.0,-1.7
"2013M01","Kevyt polttoöljy, snt/l",112.0,-1.9
"2013M01","Kevyt polttoöljy, eur/MWh",112.6,-1.2
"2013M02","Moottoribensiini 95 E 10, snt/l",164.2,0.5
"2013M02","Dieselöljy, snt/l",154.7,-1.5
"2013M02","Kevyt polttoöljy, snt/l",114.1,1.1
"2013M02","Kevyt polttoöljy, eur/MWh",114.7,1.8
"2013M03","Moottoribensiini 95 E 10, snt/l",165.9,-0.8
"2013M03","Dieselöljy, snt/l",155.7,-1.5
"2013M03","Kevyt polttoöljy, snt/l",112.7,-3.8
"2013M03","Kevyt polttoöljy, eur/MWh",113.3,-3.1
"2013M04","Moottoribensiini 95 E 10, snt/l",165.7,-3.5
"2013M04","Dieselöljy, snt/l",154.0,-1.1
"2013M04","Kevyt polttoöljy, snt/l",108.7,-5.1
"2013M04","Kevyt polttoöljy, eur/MWh",109.2,-4.4
"2013M05","Moottoribensiini 95 E 10, snt/l",160.5,-3.6
"2013M05","Dieselöljy, snt/l",148.0,-3.6
"2013M05","Kevyt polttoöljy, snt/l",108.1,-2.5
"2013M05","Kevyt polttoöljy, eur/MWh",108.6,-1.8
"2013M06","Moottoribensiini 95 E 10, snt/l",162.8,0.0
"2013M06","Dieselöljy, snt/l",147.5,-1.3
"2013M06","Kevyt polttoöljy, snt/l",107.4,2.1
"2013M06","Kevyt polttoöljy, eur/MWh",107.9,2.8
"2013M07","Moottoribensiini 95 E 10, snt/l",165.6,0.1
"2013M07","Dieselöljy, snt/l",148.4,-1.3
"2013M07","Kevyt polttoöljy, snt/l",111.9,1.2
"2013M07","Kevyt polttoöljy, eur/MWh",112.5,1.9
"2013M08","Moottoribensiini 95 E 10, snt/l",165.2,-2.7
"2013M08","Dieselöljy, snt/l",148.3,-3.5
"2013M08","Kevyt polttoöljy, snt/l",111.0,-5.9
"2013M08","Kevyt polttoöljy, eur/MWh",111.5,-5.2
"2013M09","Moottoribensiini 95 E 10, snt/l",165.9,-4.5
"2013M09","Dieselöljy, snt/l",150.1,-4.3
"2013M09","Kevyt polttoöljy, snt/l",113.6,-3.1
"2013M09","Kevyt polttoöljy, eur/MWh",114.2,-2.4
"2013M10","Moottoribensiini 95 E 10, snt/l",162.1,-4.8
"2013M10","Dieselöljy, snt/l",150.8,-3.9
"2013M10","Kevyt polttoöljy, snt/l",109.9,-6.6
"2013M10","Kevyt polttoöljy, eur/MWh",110.4,-6.0
"2013M11","Moottoribensiini 95 E 10, snt/l",158.6,-2.6
"2013M11","Dieselöljy, snt/l",148.2,-3.8
"2013M11","Kevyt polttoöljy, snt/l",107.6,-4.3
"2013M11","Kevyt polttoöljy, eur/MWh",108.1,-3.6
"2013M12","Moottoribensiini 95 E 10, snt/l",159.2,-0.2
"2013M12","Dieselöljy, snt/l",149.5,-1.8
"2013M12","Kevyt polttoöljy, snt/l",108.3,-0.6
"2013M12","Kevyt polttoöljy, eur/MWh",108.8,0.1
"2014M01","Moottoribensiini 95 E 10, snt/l",163.1,1.2
"2014M01","Dieselöljy, snt/l",153.3,0.2
"2014M01","Kevyt polttoöljy, snt/l",105.2,-6.1
"2014M01","Kevyt polttoöljy, eur/MWh",105.7,-6.1
"2014M02","Moottoribensiini 95 E 10, snt/l",160.7,-2.1
"2014M02","Dieselöljy, snt/l",151.8,-1.9
"2014M02","Kevyt polttoöljy, snt/l",105.5,-7.5
"2014M02","Kevyt polttoöljy, eur/MWh",106.0,-7.5
"2014M03","Moottoribensiini 95 E 10, snt/l",159.8,-3.7
"2014M03","Dieselöljy, snt/l",150.6,-3.3
"2014M03","Kevyt polttoöljy, snt/l",102.0,-9.5
"2014M03","Kevyt polttoöljy, eur/MWh",102.5,-9.5
"2014M04","Moottoribensiini 95 E 10, snt/l",162.7,-1.8
"2014M04","Dieselöljy, snt/l",152.3,-1.1
"2014M04","Kevyt polttoöljy, snt/l",103.5,-4.8
"2014M04","Kevyt polttoöljy, eur/MWh",104.0,-4.8
"2014M05","Moottoribensiini 95 E 10, snt/l",161.8,0.8
"2014M05","Dieselöljy, snt/l",150.7,1.8
"2014M05","Kevyt polttoöljy, snt/l",104.1,-3.7
"2014M05","Kevyt polttoöljy, eur/MWh",104.6,-3.7
"2014M06","Moottoribensiini 95 E 10, snt/l",162.0,-0.5
"2014M06","Dieselöljy, snt/l",148.1,0.4
"2014M06","Kevyt polttoöljy, snt/l",104.0,-3.2
"2014M06","Kevyt polttoöljy, eur/MWh",104.5,-3.2
"2014M07","Moottoribensiini 95 E 10, snt/l",166.2,0.4
"2014M07","Dieselöljy, snt/l",149.0,0.4
"2014M07","Kevyt polttoöljy, snt/l",104.2,-6.9
"2014M07","Kevyt polttoöljy, eur/MWh",104.7,-6.9
"2014M08","Moottoribensiini 95 E 10, snt/l",165.5,0.2
"2014M08","Dieselöljy, snt/l",148.1,-0.1
"2014M08","Kevyt polttoöljy, snt/l",105.0,-5.4
"2014M08","Kevyt polttoöljy, eur/MWh",105.5,-5.4
"2014M09","Moottoribensiini 95 E 10, snt/l",162.4,-2.1
"2014M09","Dieselöljy, snt/l",145.7,-2.9
"2014M09","Kevyt polttoöljy, snt/l",104.3,-8.2
"2014M09","Kevyt polttoöljy, eur/MWh",104.8,-8.2
"2014M10","Moottoribensiini 95 E 10, snt/l",159.5,-1.6
"2014M10","Dieselöljy, snt/l",143.3,-5.0
"2014M10","Kevyt polttoöljy, snt/l",100.2,-8.8
"2014M10","Kevyt polttoöljy, eur/MWh",100.7,-8.8
"2014M11","Moottoribensiini 95 E 10, snt/l",152.1,-4.1
"2014M11","Dieselöljy, snt/l",142.9,-3.6
"2014M11","Kevyt polttoöljy, snt/l",98.8,-8.2
"2014M11","Kevyt polttoöljy, eur/MWh",99.3,-8.2
"2014M12","Moottoribensiini 95 E 10, snt/l",144.1,-9.5
"2014M12","Dieselöljy, snt/l",135.1,-9.6
"2014M12","Kevyt polttoöljy, snt/l",86.4,-20.2
"2014M12","Kevyt polttoöljy, eur/MWh",86.8,-20.2
"2015M01","Moottoribensiini 95 E 10, snt/l",136.7,-16.2
"2015M01","Dieselöljy, snt/l",127.9,-16.6
"2015M01","Kevyt polttoöljy, snt/l",80.5,-23.5
"2015M01","Kevyt polttoöljy, eur/MWh",80.5,-23.8
"2015M02","Moottoribensiini 95 E 10, snt/l",138.0,-14.1
"2015M02","Dieselöljy, snt/l",128.5,-15.3
"2015M02","Kevyt polttoöljy, snt/l",92.6,-12.2
"2015M02","Kevyt polttoöljy, eur/MWh",92.6,-12.6
"2015M03","Moottoribensiini 95 E 10, snt/l",145.1,-9.2
"2015M03","Dieselöljy, snt/l",135.1,-10.3
"2015M03","Kevyt polttoöljy, snt/l",92.1,-9.7
"2015M03","Kevyt polttoöljy, eur/MWh",92.1,-10.1
"2015M04","Moottoribensiini 95 E 10, snt/l",148.9,-8.5
"2015M04","Dieselöljy, snt/l",135.3,-11.2
"2015M04","Kevyt polttoöljy, snt/l",93.5,-9.7
"2015M04","Kevyt polttoöljy, eur/MWh",93.5,-10.1
"2015M05","Moottoribensiini 95 E 10, snt/l",153.1,-5.4
"2015M05","Dieselöljy, snt/l",134.1,-11.0
"2015M05","Kevyt polttoöljy, snt/l",95.7,-8.1
"2015M05","Kevyt polttoöljy, eur/MWh",95.7,-8.5
"2015M06","Moottoribensiini 95 E 10, snt/l",155.2,-4.2
"2015M06","Dieselöljy, snt/l",135.6,-8.4
"2015M06","Kevyt polttoöljy, snt/l",90.3,-13.2
"2015M06","Kevyt polttoöljy, eur/MWh",90.3,-13.6
"2015M07","Moottoribensiini 95 E 10, snt/l",156.3,-6.0
"2015M07","Dieselöljy, snt/l",135.4,-9.1
"2015M07","Kevyt polttoöljy, snt/l",84.3,-19.1
"2015M07","Kevyt polttoöljy, eur/MWh",84.3,-19.5
"2015M08","Moottoribensiini 95 E 10, snt/l",152.4,-7.9
"2015M08","Dieselöljy, snt/l",129.5,-12.6
"2015M08","Kevyt polttoöljy, snt/l",80.0,-23.8
"2015M08","Kevyt polttoöljy, eur/MWh",80.0,-24.2
"2015M09","Moottoribensiini 95 E 10, snt/l",143.4,-11.7
"2015M09","Dieselöljy, snt/l",123.2,-15.4
"2015M09","Kevyt polttoöljy, snt/l",79.0,-24.3
"2015M09","Kevyt polttoöljy, eur/MWh",79.0,-24.6
"2015M10","Moottoribensiini 95 E 10, snt/l",140.4,-12.0
"2015M10","Dieselöljy, snt/l",123.6,-13.7
"2015M10","Kevyt polttoöljy, snt/l",77.6,-22.6
"2015M10","Kevyt polttoöljy, eur/MWh",77.6,-22.9
"2015M11","Moottoribensiini 95 E 10, snt/l",140.9,-7.4
"2015M11","Dieselöljy, snt/l",124.5,-12.9
"2015M11","Kevyt polttoöljy, snt/l",78.1,-21.0
"2015M11","Kevyt polttoöljy, eur/MWh",78.1,-21.3
"2015M12","Moottoribensiini 95 E 10, snt/l",137.0,-4.9
"2015M12","Dieselöljy, snt/l",120.6,-10.7
"2015M12","Kevyt polttoöljy, snt/l",66.4,-23.1
"2015M12","Kevyt polttoöljy, eur/MWh",66.4,-23.5
"2016M01","Moottoribensiini 95 E 10, snt/l",135.2,-1.1
"2016M01","Dieselöljy, snt/l",115.9,-9.4
"2016M01","Kevyt polttoöljy, snt/l",65.2,-19.0
"2016M01","Kevyt polttoöljy, eur/MWh",65.0,-19.3
"2016M02","Moottoribensiini 95 E 10, snt/l",130.4,-5.5
"2016M02","Dieselöljy, snt/l",110.7,-13.9
"2016M02","Kevyt polttoöljy, snt/l",64.3,-30.6
"2016M02","Kevyt polttoöljy, eur/MWh",64.1,-30.8
"2016M03","Moottoribensiini 95 E 10, snt/l",131.2,-9.6
"2016M03","Dieselöljy, snt/l",113.6,-15.9
"2016M03","Kevyt polttoöljy, snt/l",73.0,-20.7
"2016M03","Kevyt polttoöljy, eur/MWh",72.8,-21.0
"2016M04","Moottoribensiini 95 E 10, snt/l",133.5,-10.3
"2016M04","Dieselöljy, snt/l",113.1,-16.4
"2016M04","Kevyt polttoöljy, snt/l",73.1,-21.8
"2016M04","Kevyt polttoöljy, eur/MWh",72.9,-22.1
"2016M05","Moottoribensiini 95 E 10, snt/l",138.0,-9.9
"2016M05","Dieselöljy, snt/l",116.3,-13.3
"2016M05","Kevyt polttoöljy, snt/l",76.2,-20.4
"2016M05","Kevyt polttoöljy, eur/MWh",75.9,-20.7
"2016M06","Moottoribensiini 95 E 10, snt/l",142.8,-8.0
"2016M06","Dieselöljy, snt/l",122.1,-10.0
"2016M06","Kevyt polttoöljy, snt/l",81.5,-9.7
"2016M06","Kevyt polttoöljy, eur/MWh",81.2,-10.1
"2016M07","Moottoribensiini 95 E 10, snt/l",138.2,-11.6
"2016M07","Dieselöljy, snt/l",118.0,-12.9
"2016M07","Kevyt polttoöljy, snt/l",76.7,-9.0
"2016M07","Kevyt polttoöljy, eur/MWh",76.4,-9.3
"2016M08","Moottoribensiini 95 E 10, snt/l",133.4,-12.5
"2016M08","Dieselöljy, snt/l",113.6,-12.3
"2016M08","Kevyt polttoöljy, snt/l",76.2,-4.8
"2016M08","Kevyt polttoöljy, eur/MWh",75.9,-5.1
"2016M09","Moottoribensiini 95 E 10, snt/l",138.3,-3.6
"2016M09","Dieselöljy, snt/l",119.0,-3.4
"2016M09","Kevyt polttoöljy, snt/l",77.7,-1.6
"2016M09","Kevyt polttoöljy, eur/MWh",77.4,-2.0
"2016M10","Moottoribensiini 95 E 10, snt/l",141.5,0.8
"2016M10","Dieselöljy, snt/l",124.0,0.3
"2016M10","Kevyt polttoöljy, snt/l",83.4,7.5
"2016M10","Kevyt polttoöljy, eur/MWh",83.1,7.1
"2016M11","Moottoribensiini 95 E 10, snt/l",138.0,-2.1
"2016M11","Dieselöljy, snt/l",125.7,1.0
"2016M11","Kevyt polttoöljy, snt/l",79.0,1.2
"2016M11","Kevyt polttoöljy, eur/MWh",78.7,0.8
"2016M12","Moottoribensiini 95 E 10, snt/l",143.0,4.4
"2016M12","Dieselöljy, snt/l",132.4,9.8
"2016M12","Kevyt polttoöljy, snt/l",88.3,33.0
"2016M12","Kevyt polttoöljy, eur/MWh",88.0,32.5
"2017M01","Moottoribensiini 95 E 10, snt/l",147.5,9.1
"2017M01","Dieselöljy, snt/l",136.1,17.4
"2017M01","Kevyt polttoöljy, snt/l",90.0,38.0
"2017M01","Kevyt polttoöljy, eur/MWh",89.7,38.0
"2017M02","Moottoribensiini 95 E 10, snt/l",150.5,15.4
"2017M02","Dieselöljy, snt/l",136.5,23.3
"2017M02","Kevyt polttoöljy, snt/l",90.1,40.1
"2017M02","Kevyt polttoöljy, eur/MWh",89.8,40.1
"2017M03","Moottoribensiini 95 E 10, snt/l",146.3,11.5
"2017M03","Dieselöljy, snt/l",132.1,16.3
"2017M03","Kevyt polttoöljy, snt/l",87.3,19.6
"2017M03","Kevyt polttoöljy, eur/MWh",87.0,19.6
"2017M04","Moottoribensiini 95 E 10, snt/l",147.1,10.2
"2017M04","Dieselöljy, snt/l",128.5,13.6
"2017M04","Kevyt polttoöljy, snt/l",91.0,24.5
"2017M04","Kevyt polttoöljy, eur/MWh",90.7,24.5
"2017M05","Moottoribensiini 95 E 10, snt/l",145.6,5.5
"2017M05","Dieselöljy, snt/l",125.1,7.6
"2017M05","Kevyt polttoöljy, snt/l",85.2,11.8
"2017M05","Kevyt polttoöljy, eur/MWh",84.9,11.8
"2017M06","Moottoribensiini 95 E 10, snt/l",146.1,2.3
"2017M06","Dieselöljy, snt/l",125.2,2.5
"2017M06","Kevyt polttoöljy, snt/l",82.2,0.9
"2017M06","Kevyt polttoöljy, eur/MWh",81.9,0.9
"2017M07","Moottoribensiini 95 E 10, snt/l",144.6,4.6
"2017M07","Dieselöljy, snt/l",124.4,5.4
"2017M07","Kevyt polttoöljy, snt/l",82.4,7.4
"2017M07","Kevyt polttoöljy, eur/MWh",82.1,7.4
"2017M08","Moottoribensiini 95 E 10, snt/l",144.6,8.4
"2017M08","Dieselöljy, snt/l",125.0,10.0
"2017M08","Kevyt polttoöljy, snt/l",84.8,11.3
"2017M08","Kevyt polttoöljy, eur/MWh",84.5,11.3
"2017M09","Moottoribensiini 95 E 10, snt/l",145.8,5.4
"2017M09","Dieselöljy, snt/l",126.6,6.4
"2017M09","Kevyt polttoöljy, snt/l",87.9,13.1
"2017M09","Kevyt polttoöljy, eur/MWh",87.6,13.1
"2017M10","Moottoribensiini 95 E 10, snt/l",143.2,1.2
"2017M10","Dieselöljy, snt/l",127.1,2.5
"2017M10","Kevyt polttoöljy, snt/l",88.9,6.6
"2017M10","Kevyt polttoöljy, eur/MWh",88.6,6.6
"2017M11","Moottoribensiini 95 E 10, snt/l",149.3,8.2
"2017M11","Dieselöljy, snt/l",134.8,7.2
"2017M11","Kevyt polttoöljy, snt/l",93.1,17.8
"2017M11","Kevyt polttoöljy, eur/MWh",92.8,17.8
"2017M12","Moottoribensiini 95 E 10, snt/l",142.6,-0.3
"2017M12","Dieselöljy, snt/l",130.5,-1.4
"2017M12","Kevyt polttoöljy, snt/l",92.1,4.3
"2017M12","Kevyt polttoöljy, eur/MWh",91.8,4.3
"2018M01","Moottoribensiini 95 E 10, snt/l",146.4,-0.7
"2018M01","Dieselöljy, snt/l",135.1,-0.7
"2018M01","Kevyt polttoöljy, snt/l",98.2,9.1
"2018M01","Kevyt polttoöljy, eur/MWh",97.9,9.1
"2018M02","Moottoribensiini 95 E 10, snt/l",144.5,-4.0
"2018M02","Dieselöljy, snt/l",132.6,-2.9
"2018M02","Kevyt polttoöljy, snt/l",91.5,1.6
"2018M02","Kevyt polttoöljy, eur/MWh",91.2,1.6
"2018M03","Moottoribensiini 95 E 10, snt/l",143.3,-2.1
"2018M03","Dieselöljy, snt/l",131.8,-0.2
"2018M03","Kevyt polttoöljy, snt/l",91.2,4.5
"2018M03","Kevyt polttoöljy, eur/MWh",90.9,4.5
"2018M04","Moottoribensiini 95 E 10, snt/l",144.7,-1.6
"2018M04","Dieselöljy, snt/l",130.8,1.8
"2018M04","Kevyt polttoöljy, snt/l",97.4,7.0
"2018M04","Kevyt polttoöljy, eur/MWh",97.1,7.0
"2018M05","Moottoribensiini 95 E 10, snt/l",150.2,3.2
"2018M05","Dieselöljy, snt/l",134.6,7.6
"2018M05","Kevyt polttoöljy, snt/l",101.9,19.6
"2018M05","Kevyt polttoöljy, eur/MWh",101.6,19.6
"2018M06","Moottoribensiini 95 E 10, snt/l",155.4,6.4
"2018M06","Dieselöljy, snt/l",139.7,11.6
"2018M06","Kevyt polttoöljy, snt/l",102.3,24.5
"2018M06","Kevyt polttoöljy, eur/MWh",102.0,24.5
"2018M07","Moottoribensiini 95 E 10, snt/l",151.6,4.8
"2018M07","Dieselöljy, snt/l",135.6,9.0
"2018M07","Kevyt polttoöljy, snt/l",101.1,22.7
"2018M07","Kevyt polttoöljy, eur/MWh",100.8,22.7
"2018M08","Moottoribensiini 95 E 10, snt/l",157.0,8.6
"2018M08","Dieselöljy, snt/l",139.6,11.7
"2018M08","Kevyt polttoöljy, snt/l",103.3,21.8
"2018M08","Kevyt polttoöljy, eur/MWh",103.0,21.8
"2018M09","Moottoribensiini 95 E 10, snt/l",157.8,8.2
"2018M09","Dieselöljy, snt/l",140.3,10.8
"2018M09","Kevyt polttoöljy, snt/l",104.1,18.4
"2018M09","Kevyt polttoöljy, eur/MWh",103.8,18.4
"2018M10","Moottoribensiini 95 E 10, snt/l",153.8,7.4
"2018M10","Dieselöljy, snt/l",144.5,13.7
"2018M10","Kevyt polttoöljy, snt/l",107.6,21.0
"2018M10","Kevyt polttoöljy, eur/MWh",107.2,21.0
"2018M11","Moottoribensiini 95 E 10, snt/l",155.0,3.8
"2018M11","Dieselöljy, snt/l",154.6,14.7
"2018M11","Kevyt polttoöljy, snt/l",103.3,11.0
"2018M11","Kevyt polttoöljy, eur/MWh",103.0,11.0
"2018M12","Moottoribensiini 95 E 10, snt/l",148.0,3.8
"2018M12","Dieselöljy, snt/l",147.0,12.6
"2018M12","Kevyt polttoöljy, snt/l",93.0,1.0
"2018M12","Kevyt polttoöljy, eur/MWh",92.7,1.0
"2019M01","Moottoribensiini 95 E 10, snt/l",144.0,-1.6
"2019M01","Dieselöljy, snt/l",139.0,2.9
"2019M01","Kevyt polttoöljy, snt/l",93.0,-5.3
"2019M01","Kevyt polttoöljy, eur/MWh",92.3,-5.7
"2019M02","Moottoribensiini 95 E 10, snt/l",143.0,-1.0
"2019M02","Dieselöljy, snt/l",140.0,5.6
"2019M02","Kevyt polttoöljy, snt/l",97.0,6.0
"2019M02","Kevyt polttoöljy, eur/MWh",96.2,5.5
"2019M03","Moottoribensiini 95 E 10, snt/l",148.0,3.3
"2019M03","Dieselöljy, snt/l",144.0,9.3
"2019M03","Kevyt polttoöljy, snt/l",100.0,9.6
"2019M03","Kevyt polttoöljy, eur/MWh",99.2,9.1
"2019M04","Moottoribensiini 95 E 10, snt/l",156.0,7.8
"2019M04","Dieselöljy, snt/l",142.0,8.6
"2019M04","Kevyt polttoöljy, snt/l",101.0,3.7
"2019M04","Kevyt polttoöljy, eur/MWh",100.2,3.2
"2019M05","Moottoribensiini 95 E 10, snt/l",159.0,5.9
"2019M05","Dieselöljy, snt/l",142.0,5.5
"2019M05","Kevyt polttoöljy, snt/l",103.0,1.1
"2019M05","Kevyt polttoöljy, eur/MWh",102.2,0.6
"2019M06","Moottoribensiini 95 E 10, snt/l",158.0,1.7
"2019M06","Dieselöljy, snt/l",140.0,0.2
"2019M06","Kevyt polttoöljy, snt/l",95.0,-7.1
"2019M06","Kevyt polttoöljy, eur/MWh",94.2,-7.6
"2019M07","Moottoribensiini 95 E 10, snt/l",157.0,3.6
"2019M07","Dieselöljy, snt/l",138.0,1.8
"2019M07","Kevyt polttoöljy, snt/l",98.0,-3.1
"2019M07","Kevyt polttoöljy, eur/MWh",97.2,-3.5
"2019M08","Moottoribensiini 95 E 10, snt/l",154.0,-1.9
"2019M08","Dieselöljy, snt/l",136.0,-2.6
"2019M08","Kevyt polttoöljy, snt/l",95.0,-8.0
"2019M08","Kevyt polttoöljy, eur/MWh",94.2,-8.5
"2019M09","Moottoribensiini 95 E 10, snt/l",154.0,-2.4
"2019M09","Dieselöljy, snt/l",140.0,-0.2
"2019M09","Kevyt polttoöljy, snt/l",99.0,-4.9
"2019M09","Kevyt polttoöljy, eur/MWh",98.2,-5.3
"2019M10","Moottoribensiini 95 E 10, snt/l",153.0,-0.5
"2019M10","Dieselöljy, snt/l",142.0,-1.7
"2019M10","Kevyt polttoöljy, snt/l",99.0,-8.0
"2019M10","Kevyt polttoöljy, eur/MWh",98.2,-8.4
"2019M11","Moottoribensiini 95 E 10, snt/l",153.0,-1.3
"2019M11","Dieselöljy, snt/l",142.0,-8.2
"2019M11","Kevyt polttoöljy, snt/l",98.0,-5.1
"2019M11","Kevyt polttoöljy, eur/MWh",97.2,-5.6
"2019M12","Moottoribensiini 95 E 10, snt/l",153.0,3.4
"2019M12","Dieselöljy, snt/l",143.0,-2.7
"2019M12","Kevyt polttoöljy, snt/l",99.0,6.5
"2019M12","Kevyt polttoöljy, eur/MWh",98.2,6.0
"2020M01","Moottoribensiini 95 E 10, snt/l",155.0,7.6
"2020M01","Dieselöljy, snt/l",146.0,5.0
"2020M01","Kevyt polttoöljy, snt/l",99.0,6.5
"2020M01","Kevyt polttoöljy, eur/MWh",98.9,7.2
"2020M02","Moottoribensiini 95 E 10, snt/l",151.0,5.6
"2020M02","Dieselöljy, snt/l",139.0,-0.7
"2020M02","Kevyt polttoöljy, snt/l",91.0,-6.2
"2020M02","Kevyt polttoöljy, eur/MWh",90.9,-5.5
"2020M03","Moottoribensiini 95 E 10, snt/l",143.0,-3.4
"2020M03","Dieselöljy, snt/l",130.0,-9.7
"2020M03","Kevyt polttoöljy, snt/l",77.0,-23.0
"2020M03","Kevyt polttoöljy, eur/MWh",76.9,-22.4
"2020M04","Moottoribensiini 95 E 10, snt/l",133.0,-14.7
"2020M04","Dieselöljy, snt/l",123.0,-13.4
"2020M04","Kevyt polttoöljy, snt/l",70.0,-30.7
"2020M04","Kevyt polttoöljy, eur/MWh",69.9,-30.2
"2020M05","Moottoribensiini 95 E 10, snt/l",128.0,-19.5
"2020M05","Dieselöljy, snt/l",116.0,-18.3
"2020M05","Kevyt polttoöljy, snt/l",60.0,-41.7
"2020M05","Kevyt polttoöljy, eur/MWh",60.0,-41.3
"2020M06","Moottoribensiini 95 E 10, snt/l",135.0,-14.6
"2020M06","Dieselöljy, snt/l",118.0,-15.7
"2020M06","Kevyt polttoöljy, snt/l",74.0,-22.1
"2020M06","Kevyt polttoöljy, eur/MWh",73.9,-21.5
"2020M07","Moottoribensiini 95 E 10, snt/l",140.0,-10.8
"2020M07","Dieselöljy, snt/l",122.0,-11.6
"2020M07","Kevyt polttoöljy, snt/l",77.0,-21.4
"2020M07","Kevyt polttoöljy, eur/MWh",76.9,-20.9
"2020M08","Moottoribensiini 95 E 10, snt/l",145.0,-5.8
"2020M08","Dieselöljy, snt/l",128.0,-5.9
"2020M08","Kevyt polttoöljy, snt/l",76.0,-20.0
"2020M08","Kevyt polttoöljy, eur/MWh",75.9,-19.4
"2020M09","Moottoribensiini 95 E 10, snt/l",145.0,-5.8
"2020M09","Dieselöljy, snt/l",125.0,-10.7
"2020M09","Kevyt polttoöljy, snt/l",71.0,-28.3
"2020M09","Kevyt polttoöljy, eur/MWh",70.9,-27.8
"2020M10","Moottoribensiini 95 E 10, snt/l",145.0,-5.2
"2020M10","Dieselöljy, snt/l",124.0,-12.7
"2020M10","Kevyt polttoöljy, snt/l",72.0,-27.3
"2020M10","Kevyt polttoöljy, eur/MWh",71.9,-26.7
"2020M11","Moottoribensiini 95 E 10, snt/l",138.0,-9.8
"2020M11","Dieselöljy, snt/l",124.0,-12.7
"2020M11","Kevyt polttoöljy, snt/l",72.0,-26.5
"2020M11","Kevyt polttoöljy, eur/MWh",71.9,-26.0
"2020M12","Moottoribensiini 95 E 10, snt/l",143.0,-6.5
"2020M12","Dieselöljy, snt/l",130.0,-9.1
"2020M12","Kevyt polttoöljy, snt/l",77.0,-22.2
"2020M12","Kevyt polttoöljy, eur/MWh",76.9,-21.7
"2021M01","Moottoribensiini 95 E 10, snt/l",148.0,-4.5
"2021M01","Dieselöljy, snt/l",138.0,-5.5
"2021M01","Kevyt polttoöljy, snt/l",86.0,-13.1
"2021M01","Kevyt polttoöljy, eur/MWh",85.9,-13.1
"2021M02","Moottoribensiini 95 E 10, snt/l",155.0,2.6
"2021M02","Dieselöljy, snt/l",144.0,3.6
"2021M02","Kevyt polttoöljy, snt/l",92.0,1.1
"2021M02","Kevyt polttoöljy, eur/MWh",91.9,1.1
"2021M03","Moottoribensiini 95 E 10, snt/l",161.0,12.6
"2021M03","Dieselöljy, snt/l",150.0,15.4
"2021M03","Kevyt polttoöljy, snt/l",96.0,24.7
"2021M03","Kevyt polttoöljy, eur/MWh",95.9,24.7
"2021M04","Moottoribensiini 95 E 10, snt/l",164.0,23.3
"2021M04","Dieselöljy, snt/l",150.0,22.0
"2021M04","Kevyt polttoöljy, snt/l",93.0,32.9
"2021M04","Kevyt polttoöljy, eur/MWh",92.9,32.9
"2021M05","Moottoribensiini 95 E 10, snt/l",166.0,29.7
"2021M05","Dieselöljy, snt/l",150.0,29.3
"2021M05","Kevyt polttoöljy, snt/l",97.0,61.7
"2021M05","Kevyt polttoöljy, eur/MWh",96.9,61.7
"2021M06","Moottoribensiini 95 E 10, snt/l",164.0,21.5
"2021M06","Dieselöljy, snt/l",149.0,26.3
"2021M06","Kevyt polttoöljy, snt/l",99.0,33.8
"2021M06","Kevyt polttoöljy, eur/MWh",98.9,33.8
"2021M07","Moottoribensiini 95 E 10, snt/l",170.0,21.4
"2021M07","Dieselöljy, snt/l",152.0,24.6
"2021M07","Kevyt polttoöljy, snt/l",101.0,31.2
"2021M07","Kevyt polttoöljy, eur/MWh",100.9,31.2
"2021M08","Moottoribensiini 95 E 10, snt/l",173.0,19.3
"2021M08","Dieselöljy, snt/l",153.0,19.5
"2021M08","Kevyt polttoöljy, snt/l",101.0,32.9
"2021M08","Kevyt polttoöljy, eur/MWh",100.9,32.9
"2021M09","Moottoribensiini 95 E 10, snt/l",172.0,18.6
"2021M09","Dieselöljy, snt/l",152.0,21.6
"2021M09","Kevyt polttoöljy, snt/l",103.0,45.1
"2021M09","Kevyt polttoöljy, eur/MWh",102.9,45.1
"2021M10","Moottoribensiini 95 E 10, snt/l",180.0,24.1
"2021M10","Dieselöljy, snt/l",163.0,31.5
"2021M10","Kevyt polttoöljy, snt/l",114.0,58.3
"2021M10","Kevyt polttoöljy, eur/MWh",113.9,58.3
"2021M11","Moottoribensiini 95 E 10, snt/l",189.0,37.0
"2021M11","Dieselöljy, snt/l",170.0,37.1
"2021M11","Kevyt polttoöljy, snt/l",115.0,59.7
"2021M11","Kevyt polttoöljy, eur/MWh",114.9,59.7
"2021M12","Moottoribensiini 95 E 10, snt/l",182.0,27.3
"2021M12","Dieselöljy, snt/l",167.0,28.5
"2021M12","Kevyt polttoöljy, snt/l",111.0,44.2
"2021M12","Kevyt polttoöljy, eur/MWh",110.9,44.2
"2022M01","Moottoribensiini 95 E 10, snt/l",188.0,27.0
"2022M01","Dieselöljy, snt/l",178.0,29.0
"2022M01","Kevyt polttoöljy, snt/l",118.0,37.2
"2022M01","Kevyt polttoöljy, eur/MWh",117.9,37.2
"2022M02","Moottoribensiini 95 E 10, snt/l",194.0,25.2
"2022M02","Dieselöljy, snt/l",187.0,29.9
"2022M02","Kevyt polttoöljy, snt/l",129.0,40.2
"2022M02","Kevyt polttoöljy, eur/MWh",128.9,40.2
"2022M03","Moottoribensiini 95 E 10, snt/l",223.0,38.5
"2022M03","Dieselöljy, snt/l",233.0,55.3
"2022M03","Kevyt polttoöljy, snt/l",206.0,114.6
"2022M03","Kevyt polttoöljy, eur/MWh",205.8,114.6
"2022M04","Moottoribensiini 95 E 10, snt/l",217.0,32.3
"2022M04","Dieselöljy, snt/l",222.0,48.0
"2022M04","Kevyt polttoöljy, snt/l",159.0,71.0
"2022M04","Kevyt polttoöljy, eur/MWh",158.9,71.0
"2022M05","Moottoribensiini 95 E 10, snt/l",230.0,38.6
"2022M05","Dieselöljy, snt/l",227.0,51.3
"2022M05","Kevyt polttoöljy, snt/l",174.0,79.4
"2022M05","Kevyt polttoöljy, eur/MWh",173.9,79.4
"2022M06","Moottoribensiini 95 E 10, snt/l",257.0,56.7
"2022M06","Dieselöljy, snt/l",244.0,63.8
"2022M06","Kevyt polttoöljy, snt/l",195.0,97.0
"2022M06","Kevyt polttoöljy, eur/MWh",194.8,97.0
"2022M07","Moottoribensiini 95 E 10, snt/l",233.0,37.1
"2022M07","Dieselöljy, snt/l",227.0,49.3
"2022M07","Kevyt polttoöljy, snt/l",178.0,76.2
"2022M07","Kevyt polttoöljy, eur/MWh",177.9,76.2
"2022M08","Moottoribensiini 95 E 10, snt/l",214.0,23.7
"2022M08","Dieselöljy, snt/l",209.0,36.6
"2022M08","Kevyt polttoöljy, snt/l",162.0,60.4
"2022M08","Kevyt polttoöljy, eur/MWh",161.9,60.4
"2022M09","Moottoribensiini 95 E 10, snt/l",207.0,20.3
"2022M09","Dieselöljy, snt/l",216.0,42.1
"2022M09","Kevyt polttoöljy, snt/l",173.0,68.0
"2022M09","Kevyt polttoöljy, eur/MWh",172.9,68.0
"2022M10","Moottoribensiini 95 E 10, snt/l",207.0,15.0
"2022M10","Dieselöljy, snt/l",217.0,33.1
"2022M10","Kevyt polttoöljy, snt/l",193.0,69.3
"2022M10","Kevyt polttoöljy, eur/MWh",192.8,69.3
"2022M11","Moottoribensiini 95 E 10, snt/l",207.0,9.5
"2022M11","Dieselöljy, snt/l",228.0,34.1
"2022M11","Kevyt polttoöljy, snt/l",180.0,56.5
"2022M11","Kevyt polttoöljy, eur/MWh",179.9,56.5
"2022M12","Moottoribensiini 95 E 10, snt/l",187.0,2.7
"2022M12","Dieselöljy, snt/l",198.0,18.6
"2022M12","Kevyt polttoöljy, snt/l",144.0,29.7
"2022M12","Kevyt polttoöljy, eur/MWh",143.9,29.7
"2023M01","Moottoribensiini 95 E 10, snt/l",191.0,1.6
"2023M01","Dieselöljy, snt/l",208.0,16.9
"2023M01","Kevyt polttoöljy, snt/l",155.0,31.4
"2023M01","Kevyt polttoöljy, eur/MWh",154.9,31.4
"2023M02","Moottoribensiini 95 E 10, snt/l",199.0,2.6
"2023M02","Dieselöljy, snt/l",207.0,10.7
"2023M02","Kevyt polttoöljy, snt/l",145.0,12.4
"2023M02","Kevyt polttoöljy, eur/MWh",144.9,12.4
"2023M03","Moottoribensiini 95 E 10, snt/l",198.0,-11.2
"2023M03","Dieselöljy, snt/l",202.0,-13.3
"2023M03","Kevyt polttoöljy, snt/l",145.0,-29.6
"2023M03","Kevyt polttoöljy, eur/MWh",144.9,-29.6
"2023M04","Moottoribensiini 95 E 10, snt/l",200.0,-7.8
"2023M04","Dieselöljy, snt/l",196.0,-11.7
"2023M04","Kevyt polttoöljy, snt/l",140.0,-11.9
"2023M04","Kevyt polttoöljy, eur/MWh",139.9,-11.9
"2023M05","Moottoribensiini 95 E 10, snt/l",196.0,-14.8
"2023M05","Dieselöljy, snt/l",186.0,-18.1
"2023M05","Kevyt polttoöljy, snt/l",128.0,-26.4
"2023M05","Kevyt polttoöljy, eur/MWh",127.9,-26.4
"2023M06","Moottoribensiini 95 E 10, snt/l",198.0,-23.0
"2023M06","Dieselöljy, snt/l",185.0,-24.2
"2023M06","Kevyt polttoöljy, snt/l",133.0,-31.8
"2023M06","Kevyt polttoöljy, eur/MWh",132.9,-31.8
"2023M07","Moottoribensiini 95 E 10, snt/l",194.0,-16.7
"2023M07","Dieselöljy, snt/l",185.0,-18.5
"2023M07","Kevyt polttoöljy, snt/l",135.0,-24.2
"2023M07","Kevyt polttoöljy, eur/MWh",134.9,-24.2
"2023M08","Moottoribensiini 95 E 10, snt/l",198.0,-7.5
"2023M08","Dieselöljy, snt/l",194.0,-7.2
"2023M08","Kevyt polttoöljy, snt/l",151.0,-6.8
"2023M08","Kevyt polttoöljy, eur/MWh",150.9,-6.8
"2023M09","Moottoribensiini 95 E 10, snt/l",205.0,-1.0
"2023M09","Dieselöljy, snt/l",205.0,-5.1
"2023M09","Kevyt polttoöljy, snt/l",159.0,-8.1
"2023M09","Kevyt polttoöljy, eur/MWh",158.9,-8.1
"2023M10","Moottoribensiini 95 E 10, snt/l",200.0,-3.4
"2023M10","Dieselöljy, snt/l",206.0,-5.1
"2023M10","Kevyt polttoöljy, snt/l",154.0,-20.2
"2023M10","Kevyt polttoöljy, eur/MWh",153.9,-20.2
"2023M11","Moottoribensiini 95 E 10, snt/l",195.0,-5.8
"2023M11","Dieselöljy, snt/l",203.0,-11.0
"2023M11","Kevyt polttoöljy, snt/l",148.0,-17.8
"2023M11","Kevyt polttoöljy, eur/MWh",147.9,-17.8
"2023M12","Moottoribensiini 95 E 10, snt/l",187.0,0.0
"2023M12","Dieselöljy, snt/l",197.0,-0.5
"2023M12","Kevyt polttoöljy, snt/l",141.0,-2.1
"2023M12","Kevyt polttoöljy, eur/MWh",140.9,-2.1
"2024M01","Moottoribensiini 95 E 10, snt/l",176.0,-7.9
"2024M01","Dieselöljy, snt/l",183.0,-12.0
"2024M01","Kevyt polttoöljy, snt/l",137.0,-11.6
"2024M01","Kevyt polttoöljy, eur/MWh",137.4,-11.3
"2024M02","Moottoribensiini 95 E 10, snt/l",182.0,-8.5
"2024M02","Dieselöljy, snt/l",191.0,-7.7
"2024M02","Kevyt polttoöljy, snt/l",149.0,2.8
"2024M02","Kevyt polttoöljy, eur/MWh",149.4,3.1
"2024M03","Moottoribensiini 95 E 10, snt/l",192.0,-3.0
"2024M03","Dieselöljy, snt/l",194.0,-4.0
"2024M03","Kevyt polttoöljy, snt/l",144.0,-0.7
"2024M03","Kevyt polttoöljy, eur/MWh",144.4,-0.3
"2024M04","Moottoribensiini 95 E 10, snt/l",190.0,-5.0
"2024M04","Dieselöljy, snt/l",187.0,-4.6
"2024M04","Kevyt polttoöljy, snt/l",147.0,5.0
"2024M04","Kevyt polttoöljy, eur/MWh",147.4,5.4
"2024M05","Moottoribensiini 95 E 10, snt/l",188.0,-4.1
"2024M05","Dieselöljy, snt/l",178.0,-4.3
"2024M05","Kevyt polttoöljy, snt/l",137.0,7.0
"2024M05","Kevyt polttoöljy, eur/MWh",137.4,7.4
"2024M06","Moottoribensiini 95 E 10, snt/l",186.0,-6.1
"2024M06","Dieselöljy, snt/l",175.0,-5.4
"2024M06","Kevyt polttoöljy, snt/l",133.0,0.0
"2024M06","Kevyt polttoöljy, eur/MWh",133.4,0.4
"2024M07","Moottoribensiini 95 E 10, snt/l",187.0,-3.6
"2024M07","Dieselöljy, snt/l",177.0,-4.3
"2024M07","Kevyt polttoöljy, snt/l",140.0,3.7
"2024M07","Kevyt polttoöljy, eur/MWh",140.4,4.1
"2024M08","Moottoribensiini 95 E 10, snt/l",185.0,-6.6
"2024M08","Dieselöljy, snt/l",175.0,-9.8
"2024M08","Kevyt polttoöljy, snt/l",132.0,-12.6
"2024M08","Kevyt polttoöljy, eur/MWh",132.4,-12.3
"2024M09","Moottoribensiini 95 E 10, snt/l",180.0,-12.2
"2024M09","Dieselöljy, snt/l",171.0,-16.6
"2024M09","Kevyt polttoöljy, snt/l",127.0,-20.1
"2024M09","Kevyt polttoöljy, eur/MWh",127.4,-19.8
"2024M10","Moottoribensiini 95 E 10, snt/l",178.0,-11.0
"2024M10","Dieselöljy, snt/l",170.0,-17.5
"2024M10","Kevyt polttoöljy, snt/l",132.0,-14.3
"2024M10","Kevyt polttoöljy, eur/MWh",132.4,-14.0
"2024M11","Moottoribensiini 95 E 10, snt/l",175.0,-10.3
"2024M11","Dieselöljy, snt/l",172.0,-15.3
"2024M11","Kevyt polttoöljy, snt/l",132.0,-10.8
"2024M11","Kevyt polttoöljy, eur/MWh",132.4,-10.5
"2024M12","Moottoribensiini 95 E 10, snt/l",176.0,-5.9
"2024M12","Dieselöljy, snt/l",177.0,-10.2
"2024M12","Kevyt polttoöljy, snt/l",129.0,-8.5
"2024M12","Kevyt polttoöljy, eur/MWh",129.4,-8.2
"2025M01","Moottoribensiini 95 E 10, snt/l",179.0,1.7
"2025M01","Dieselöljy, snt/l",180.0,-1.6
"2025M01","Kevyt polttoöljy, snt/l",133.0,-2.9
"2025M01","Kevyt polttoöljy, eur/MWh",133.4,-2.9
"2025M02","Moottoribensiini 95 E 10, snt/l",178.0,-2.2
"2025M02","Dieselöljy, snt/l",179.0,-6.3
"2025M02","Kevyt polttoöljy, snt/l",132.0,-11.4
"2025M02","Kevyt polttoöljy, eur/MWh",132.4,-11.4
"2025M03","Moottoribensiini 95 E 10, snt/l",179.0,-6.8
"2025M03","Dieselöljy, snt/l",179.0,-7.7
"2025M03","Kevyt polttoöljy, snt/l",126.0,-12.5
"2025M03","Kevyt polttoöljy, eur/MWh",126.4,-12.5
